{
  "authorDailyContributionsMap": {
    "XuZipeng201": [
      {
        "date": "2020-09-20",
        "commitResults": [
          {
            "hash": "fd8133e924ff9fc726f0ab1ca7e6175e29cac71e",
            "messageTitle": "Level 1. Greet, Echo, Exit",
            "messageBody": "",
            "tags": [
              "Level-1"
            ],
            "fileTypesAndContributionMap": {
              "java": {
                "insertions": 27,
                "deletions": 2
              }
            }
          },
          {
            "hash": "7e997837284bd390faa54d93bd6270e954f5692f",
            "messageTitle": "Level 2. Add, List",
            "messageBody": "",
            "tags": [
              "Level-2"
            ],
            "fileTypesAndContributionMap": {
              "java": {
                "insertions": 22,
                "deletions": 2
              }
            }
          }
        ]
      },
      {
        "date": "2020-09-27",
        "commitResults": [
          {
            "hash": "2fc709dd9df53607b6a921b89a8101181743f222",
            "messageTitle": "Level 3. Mark as Done",
            "messageBody": "",
            "tags": [
              "Level-3"
            ],
            "fileTypesAndContributionMap": {
              "java": {
                "insertions": 44,
                "deletions": 7
              }
            }
          },
          {
            "hash": "69e8e736c71c5516e63180b53d8db353ba6a3c83",
            "messageTitle": "Level 4. ToDos, Events, Deadlines",
            "messageBody": "",
            "tags": [
              "Level-4"
            ],
            "fileTypesAndContributionMap": {
              "txt": {
                "insertions": 12,
                "deletions": 0
              },
              "java": {
                "insertions": 78,
                "deletions": 6
              }
            }
          },
          {
            "hash": "67f6738c29ecf46f602b1d74a4eaa01adb3575ea",
            "messageTitle": "Level 5. Handle Errors",
            "messageBody": "",
            "tags": [
              "Level-5"
            ],
            "fileTypesAndContributionMap": {
              "java": {
                "insertions": 62,
                "deletions": 13
              }
            }
          }
        ]
      },
      {
        "date": "2020-10-30",
        "commitResults": [
          {
            "hash": "47b835ff03623dcb42315550ff25dbe336ee48d4",
            "messageTitle": "level 6: Delete",
            "messageBody": "",
            "tags": [
              "Level-6"
            ],
            "fileTypesAndContributionMap": {
              "txt": {
                "insertions": 8,
                "deletions": 8
              },
              "java": {
                "insertions": 43,
                "deletions": 36
              }
            }
          }
        ]
      },
      {
        "date": "2020-11-05",
        "commitResults": [
          {
            "hash": "1a558cd136985e7a4859cc5c5529090eb1672438",
            "messageTitle": "Level 7: save",
            "messageBody": "",
            "tags": [
              "Level-7"
            ],
            "fileTypesAndContributionMap": {
              "txt": {
                "insertions": 6,
                "deletions": 0
              },
              "java": {
                "insertions": 161,
                "deletions": 12
              }
            }
          }
        ]
      },
      {
        "date": "2020-11-07",
        "commitResults": [
          {
            "hash": "10c918b8dd33956cb876df7274e6144dd5f91a5c",
            "messageTitle": "Level-8: Dates and Times",
            "messageBody": "",
            "tags": [
              "Level-8"
            ],
            "fileTypesAndContributionMap": {
              "txt": {
                "insertions": 3,
                "deletions": 6
              },
              "java": {
                "insertions": 96,
                "deletions": 26
              }
            }
          },
          {
            "hash": "a1927f28f9f250405fca084d3d3b701ae7141f6f",
            "messageTitle": "Level 7 fix a bug when loading file contents",
            "messageBody": "",
            "tags": [
              "level-7-bugFix"
            ],
            "fileTypesAndContributionMap": {
              "txt": {
                "insertions": 5,
                "deletions": 3
              },
              "java": {
                "insertions": 27,
                "deletions": 40
              }
            }
          },
          {
            "hash": "661e657a40b3fd9a2306de4e9d8457bc57a1a602",
            "messageTitle": "Level 9: find",
            "messageBody": "",
            "tags": [
              "Level-9"
            ],
            "fileTypesAndContributionMap": {
              "txt": {
                "insertions": 3,
                "deletions": 1
              },
              "java": {
                "insertions": 31,
                "deletions": 1
              }
            }
          }
        ]
      },
      {
        "date": "2020-11-09",
        "commitResults": [
          {
            "hash": "33d995c9a255ab1e8f598918b9bbf3b39095d584",
            "messageTitle": "A - MoreOOP (incomplete with some bug)",
            "messageBody": "",
            "tags": [
              "A-moreOOP-Incomplete"
            ],
            "fileTypesAndContributionMap": {
              "java": {
                "insertions": 402,
                "deletions": 216
              }
            }
          }
        ]
      }
    ]
  },
  "authorFileTypeContributionMap": {
    "XuZipeng201": {
      "java": 638,
      "md": 0,
      "fxml": 0,
      "sh": 0,
      "bat": 0,
      "gradle": 0,
      "txt": 19
    }
  },
  "authorContributionVariance": {
    "XuZipeng201": 5807.8066
  },
  "authorDisplayNameMap": {
    "XuZipeng201": "XU Z..PENG"
  }
}
