{
  "authorDailyContributionsMap": {
    "aiqianchee": [
      {
        "date": "2020-08-26",
        "commitResults": [
          {
            "hash": "9e249a2dd68b5a13801a182aac84cbdc9ea15cde",
            "messageTitle": "level-1",
            "messageBody": "",
            "tags": [
              "Level-1"
            ],
            "fileTypesAndContributionMap": {
              "java": {
                "insertions": 32,
                "deletions": 2
              }
            }
          }
        ]
      },
      {
        "date": "2020-08-29",
        "commitResults": [
          {
            "hash": "fccdd3314a43a376954ae888a5636a041e8483fe",
            "messageTitle": "commit for level-2",
            "messageBody": "",
            "tags": [
              "Level-2"
            ],
            "fileTypesAndContributionMap": {
              "java": {
                "insertions": 30,
                "deletions": 6
              }
            }
          }
        ]
      },
      {
        "date": "2020-09-07",
        "commitResults": [
          {
            "hash": "cde9a2af5beaf082d8757f255dc4e0be7873b4e8",
            "messageTitle": "commit level 3 - unable to mark particular task as done (to fix ltr)",
            "messageBody": "",
            "tags": [
              "level-3"
            ],
            "fileTypesAndContributionMap": {
              "java": {
                "insertions": 44,
                "deletions": 11
              }
            }
          }
        ]
      },
      {
        "date": "2020-09-12",
        "commitResults": [
          {
            "hash": "a94cf91262d34082ac34db59ca5f03f5c4599649",
            "messageTitle": "fixed issue for level 3",
            "messageBody": "",
            "fileTypesAndContributionMap": {
              "java": {
                "insertions": 17,
                "deletions": 13
              }
            }
          },
          {
            "hash": "80defde74358335ade0d1b8676e56492ef9132b1",
            "messageTitle": "commit and fixed textUI test issue",
            "messageBody": "",
            "fileTypesAndContributionMap": {
              "txt": {
                "insertions": 1,
                "deletions": 0
              },
              "java": {
                "insertions": 2,
                "deletions": 1
              },
              "bat": {
                "insertions": 2,
                "deletions": 2
              },
              "sh": {
                "insertions": 1,
                "deletions": 1
              }
            }
          }
        ]
      },
      {
        "date": "2020-09-15",
        "commitResults": [
          {
            "hash": "a7872bfc8e09af787d2df85da30a46341a1f64e6",
            "messageTitle": "level-4 is not ready",
            "messageBody": "",
            "fileTypesAndContributionMap": {
              "java": {
                "insertions": 13,
                "deletions": 7
              }
            }
          }
        ]
      },
      {
        "date": "2020-09-16",
        "commitResults": [
          {
            "hash": "e1093fcaa1938fe207cbdf364f457900aa282eca",
            "messageTitle": "commit for level-4",
            "messageBody": "",
            "tags": [
              "level-4"
            ],
            "fileTypesAndContributionMap": {
              "java": {
                "insertions": 52,
                "deletions": 21
              }
            }
          }
        ]
      },
      {
        "date": "2020-09-20",
        "commitResults": [
          {
            "hash": "655f942152e9c349bc6c461a99329c1ce00df713",
            "messageTitle": "commit level 5",
            "messageBody": "",
            "tags": [
              "level-5"
            ],
            "fileTypesAndContributionMap": {
              "java": {
                "insertions": 44,
                "deletions": 8
              }
            }
          },
          {
            "hash": "ecb611511736dec9748f3de38be243b53e5d2784",
            "messageTitle": "fixed typo",
            "messageBody": "",
            "fileTypesAndContributionMap": {
              "java": {
                "insertions": 2,
                "deletions": 2
              }
            }
          }
        ]
      },
      {
        "date": "2020-09-28",
        "commitResults": [
          {
            "hash": "2ad87f56af859199ae568d12bf929c1d6a9c0357",
            "messageTitle": "commit level 6 - having issue with catching non-numeric task number",
            "messageBody": "",
            "tags": [
              "level-6"
            ],
            "fileTypesAndContributionMap": {
              "java": {
                "insertions": 36,
                "deletions": 9
              }
            }
          },
          {
            "hash": "7869a67b3feebf98998f173795baeb08ea012b93",
            "messageTitle": "added numberFormatException, removed extra space",
            "messageBody": "",
            "fileTypesAndContributionMap": {
              "java": {
                "insertions": 28,
                "deletions": 10
              }
            }
          }
        ]
      },
      {
        "date": "2020-10-16",
        "commitResults": [
          {
            "hash": "30fd25519f59532bac3ea95a43def4a7885385cb",
            "messageTitle": "level 7-able to write, save and read data from file. Undone for OOP and package",
            "messageBody": "",
            "tags": [
              "level-7.0"
            ],
            "fileTypesAndContributionMap": {
              "txt": {
                "insertions": 5,
                "deletions": 0
              },
              "java": {
                "insertions": 32,
                "deletions": 0
              }
            }
          }
        ]
      },
      {
        "date": "2020-10-20",
        "commitResults": [
          {
            "hash": "97e4950b88159aed89fc8f4e4f1409a9e0e4416f",
            "messageTitle": "level 7-oop and package-undone",
            "messageBody": "",
            "tags": [
              "level-7.1"
            ],
            "fileTypesAndContributionMap": {
              "txt": {
                "insertions": 5,
                "deletions": 5
              },
              "java": {
                "insertions": 502,
                "deletions": 189
              }
            }
          }
        ]
      },
      {
        "date": "2020-10-23",
        "commitResults": [
          {
            "hash": "534311771efc28bd197b3b5575160111d1fbed17",
            "messageTitle": "level 7-oop and package-undone",
            "messageBody": "",
            "fileTypesAndContributionMap": {
              "txt": {
                "insertions": 27,
                "deletions": 0
              },
              "java": {
                "insertions": 48,
                "deletions": 86
              }
            }
          }
        ]
      },
      {
        "date": "2020-10-26",
        "commitResults": [
          {
            "hash": "c8d6b891274920166cdddcc0d121680a413505a1",
            "messageTitle": "have problem with delete and done command",
            "messageBody": "",
            "fileTypesAndContributionMap": {
              "txt": {
                "insertions": 52,
                "deletions": 18
              },
              "java": {
                "insertions": 87,
                "deletions": 25
              }
            }
          }
        ]
      },
      {
        "date": "2020-11-03",
        "commitResults": [
          {
            "hash": "734fb15db078a321ed840185f5f914a5e12bc16c",
            "messageTitle": "level 8 - date and time",
            "messageBody": "",
            "tags": [
              "level-8"
            ],
            "fileTypesAndContributionMap": {
              "txt": {
                "insertions": 4,
                "deletions": 66
              },
              "java": {
                "insertions": 163,
                "deletions": 127
              }
            }
          },
          {
            "hash": "b5e8bfa9b4a038d01694128ae515d822ee6da934",
            "messageTitle": "no message",
            "messageBody": "",
            "fileTypesAndContributionMap": {
              "java": {
                "insertions": 12,
                "deletions": 13
              }
            }
          }
        ]
      },
      {
        "date": "2020-11-04",
        "commitResults": [
          {
            "hash": "d93ed8b6498248bbce9027e34f17107c0f6b9172",
            "messageTitle": "fixed save issue",
            "messageBody": "",
            "fileTypesAndContributionMap": {
              "txt": {
                "insertions": 2,
                "deletions": 4
              },
              "java": {
                "insertions": 134,
                "deletions": 116
              }
            }
          },
          {
            "hash": "75fa843147456114ccc94606694cc72c6cbfb280",
            "messageTitle": "fixed save issue",
            "messageBody": "",
            "fileTypesAndContributionMap": {
              "txt": {
                "insertions": 0,
                "deletions": 2
              }
            }
          }
        ]
      },
      {
        "date": "2020-11-09",
        "commitResults": [
          {
            "hash": "28a4395eb7f50d1d4c859a10fa0600149b495c40",
            "messageTitle": "added JavaDoc and JUnit testing",
            "messageBody": "",
            "fileTypesAndContributionMap": {
              "java": {
                "insertions": 272,
                "deletions": 32
              }
            }
          }
        ]
      },
      {
        "date": "2020-11-11",
        "commitResults": [
          {
            "hash": "b62c5fc5edfc1a988de99630b88f041cd5e7443b",
            "messageTitle": "added individual feature 1-B viewSchedules",
            "messageBody": "",
            "tags": [
              "individualFeature1-viewSchedules"
            ],
            "fileTypesAndContributionMap": {
              "java": {
                "insertions": 94,
                "deletions": 2
              }
            }
          },
          {
            "hash": "4a12dd4d5ad394a8acce2feb52e5157cc1322497",
            "messageTitle": "added find command, coding standard, code quality and more JavaDoc",
            "messageBody": "",
            "tags": [
              "level-9"
            ],
            "fileTypesAndContributionMap": {
              "java": {
                "insertions": 315,
                "deletions": 191
              }
            }
          },
          {
            "hash": "2706ead6d76ecfee65408d290edc377e0eb58930",
            "messageTitle": "added package seeedu.duke.base",
            "messageBody": "",
            "fileTypesAndContributionMap": {
              "java": {
                "insertions": 41,
                "deletions": 18
              }
            }
          },
          {
            "hash": "8adb7c6cab89231d6f96c1a264fe113f67a0e74f",
            "messageTitle": "gradle is working",
            "messageBody": "",
            "tags": [
              "1.0"
            ],
            "fileTypesAndContributionMap": {
              "java": {
                "insertions": 0,
                "deletions": 3
              }
            }
          }
        ]
      }
    ]
  },
  "authorFileTypeContributionMap": {
    "aiqianchee": {
      "java": 1118,
      "md": 0,
      "fxml": 0,
      "sh": 1,
      "bat": 2,
      "gradle": 0,
      "txt": 1
    }
  },
  "authorContributionVariance": {
    "aiqianchee": 13519.172
  },
  "authorDisplayNameMap": {
    "aiqianchee": "CHEE..QIAN"
  }
}
