[
  {
    "path": "src/main/java/Duke.java",
    "fileType": "java",
    "lines": [
      {
        "lineNumber": 1,
        "author": {
          "gitId": "-"
        },
        "content": "public class Duke {"
      },
      {
        "lineNumber": 2,
        "author": {
          "gitId": "erictongg"
        },
        "content": "    public static void duke_says(String message){"
      },
      {
        "lineNumber": 3,
        "author": {
          "gitId": "erictongg"
        },
        "content": "        System.out.println(\"\\t____________________________________________________________\");"
      },
      {
        "lineNumber": 4,
        "author": {
          "gitId": "erictongg"
        },
        "content": "        System.out.println(\"\\t\" + message);"
      },
      {
        "lineNumber": 5,
        "author": {
          "gitId": "erictongg"
        },
        "content": "        System.out.println(\"\\t____________________________________________________________\");"
      },
      {
        "lineNumber": 6,
        "author": {
          "gitId": "erictongg"
        },
        "content": "    }//end duke_says"
      },
      {
        "lineNumber": 7,
        "author": {
          "gitId": "erictongg"
        },
        "content": ""
      },
      {
        "lineNumber": 8,
        "author": {
          "gitId": "-"
        },
        "content": "    public static void main(String[] args) {"
      },
      {
        "lineNumber": 9,
        "author": {
          "gitId": "erictongg"
        },
        "content": "        List new_list \u003d new List();"
      },
      {
        "lineNumber": 10,
        "author": {
          "gitId": "-"
        },
        "content": "        String logo \u003d \" ____        _        \\n\""
      },
      {
        "lineNumber": 11,
        "author": {
          "gitId": "-"
        },
        "content": "                + \"|  _ \\\\ _   _| | _____ \\n\""
      },
      {
        "lineNumber": 12,
        "author": {
          "gitId": "-"
        },
        "content": "                + \"| | | | | | | |/ / _ \\\\\\n\""
      },
      {
        "lineNumber": 13,
        "author": {
          "gitId": "-"
        },
        "content": "                + \"| |_| | |_| |   \u003c  __/\\n\""
      },
      {
        "lineNumber": 14,
        "author": {
          "gitId": "-"
        },
        "content": "                + \"|____/ \\\\__,_|_|\\\\_\\\\___|\\n\";"
      },
      {
        "lineNumber": 15,
        "author": {
          "gitId": "-"
        },
        "content": "        System.out.println(\"Hello from\\n\" + logo);"
      },
      {
        "lineNumber": 16,
        "author": {
          "gitId": "erictongg"
        },
        "content": "        duke_says(\"Hello! I\u0027m Duke\\n\\tWhat can I do for you?\");"
      },
      {
        "lineNumber": 17,
        "author": {
          "gitId": "erictongg"
        },
        "content": "        while(true){"
      },
      {
        "lineNumber": 18,
        "author": {
          "gitId": "erictongg"
        },
        "content": "            new_list.reader();"
      },
      {
        "lineNumber": 19,
        "author": {
          "gitId": "erictongg"
        },
        "content": "        }//end while loop"
      },
      {
        "lineNumber": 20,
        "author": {
          "gitId": "erictongg"
        },
        "content": "    }//end main"
      },
      {
        "lineNumber": 21,
        "author": {
          "gitId": "-"
        },
        "content": "}"
      }
    ],
    "authorContributionMap": {
      "erictongg": 12,
      "-": 9
    }
  },
  {
    "path": "src/main/java/IllegalInputException.java",
    "fileType": "java",
    "lines": [
      {
        "lineNumber": 1,
        "author": {
          "gitId": "erictongg"
        },
        "content": "public class IllegalInputException extends Exception{"
      },
      {
        "lineNumber": 2,
        "author": {
          "gitId": "erictongg"
        },
        "content": "    //for todo, event and deadline"
      },
      {
        "lineNumber": 3,
        "author": {
          "gitId": "erictongg"
        },
        "content": "}"
      }
    ],
    "authorContributionMap": {
      "erictongg": 3
    }
  },
  {
    "path": "src/main/java/List.java",
    "fileType": "java",
    "lines": [
      {
        "lineNumber": 1,
        "author": {
          "gitId": "erictongg"
        },
        "content": "import java.util.Scanner;"
      },
      {
        "lineNumber": 2,
        "author": {
          "gitId": "erictongg"
        },
        "content": "import java.util.ArrayList;"
      },
      {
        "lineNumber": 3,
        "author": {
          "gitId": "erictongg"
        },
        "content": ""
      },
      {
        "lineNumber": 4,
        "author": {
          "gitId": "erictongg"
        },
        "content": "public class List{"
      },
      {
        "lineNumber": 5,
        "author": {
          "gitId": "erictongg"
        },
        "content": "    //variable"
      },
      {
        "lineNumber": 6,
        "author": {
          "gitId": "erictongg"
        },
        "content": "    private ArrayList\u003cString\u003e list;"
      },
      {
        "lineNumber": 7,
        "author": {
          "gitId": "erictongg"
        },
        "content": "    private ArrayList\u003cBoolean\u003e done;"
      },
      {
        "lineNumber": 8,
        "author": {
          "gitId": "erictongg"
        },
        "content": "    private ArrayList\u003cCharacter\u003e task_cat;"
      },
      {
        "lineNumber": 9,
        "author": {
          "gitId": "erictongg"
        },
        "content": "    private static int item_count \u003d 0;"
      },
      {
        "lineNumber": 10,
        "author": {
          "gitId": "erictongg"
        },
        "content": ""
      },
      {
        "lineNumber": 11,
        "author": {
          "gitId": "erictongg"
        },
        "content": "    //constructor"
      },
      {
        "lineNumber": 12,
        "author": {
          "gitId": "erictongg"
        },
        "content": "    public List(){"
      },
      {
        "lineNumber": 13,
        "author": {
          "gitId": "erictongg"
        },
        "content": "        this.list \u003d new ArrayList\u003cString\u003e();"
      },
      {
        "lineNumber": 14,
        "author": {
          "gitId": "erictongg"
        },
        "content": "        this.done \u003d new ArrayList\u003cBoolean\u003e();"
      },
      {
        "lineNumber": 15,
        "author": {
          "gitId": "erictongg"
        },
        "content": "        this.task_cat \u003d new ArrayList\u003cCharacter\u003e();"
      },
      {
        "lineNumber": 16,
        "author": {
          "gitId": "erictongg"
        },
        "content": "    }"
      },
      {
        "lineNumber": 17,
        "author": {
          "gitId": "erictongg"
        },
        "content": ""
      },
      {
        "lineNumber": 18,
        "author": {
          "gitId": "erictongg"
        },
        "content": "    //getters"
      },
      {
        "lineNumber": 19,
        "author": {
          "gitId": "erictongg"
        },
        "content": "    private void duke_echo(String message){"
      },
      {
        "lineNumber": 20,
        "author": {
          "gitId": "erictongg"
        },
        "content": "        System.out.println(\"\\t____________________________________________________________\");"
      },
      {
        "lineNumber": 21,
        "author": {
          "gitId": "erictongg"
        },
        "content": "        System.out.println(\"\\t\" + message);"
      },
      {
        "lineNumber": 22,
        "author": {
          "gitId": "erictongg"
        },
        "content": "        System.out.println(\"\\t____________________________________________________________\");"
      },
      {
        "lineNumber": 23,
        "author": {
          "gitId": "erictongg"
        },
        "content": "    }"
      },
      {
        "lineNumber": 24,
        "author": {
          "gitId": "erictongg"
        },
        "content": "    private void printList(){"
      },
      {
        "lineNumber": 25,
        "author": {
          "gitId": "erictongg"
        },
        "content": "        if(this.list.size() \u003d\u003d 0){"
      },
      {
        "lineNumber": 26,
        "author": {
          "gitId": "erictongg"
        },
        "content": "            duke_echo(\"List is empty\");"
      },
      {
        "lineNumber": 27,
        "author": {
          "gitId": "erictongg"
        },
        "content": "            return;"
      },
      {
        "lineNumber": 28,
        "author": {
          "gitId": "erictongg"
        },
        "content": "        }//if end"
      },
      {
        "lineNumber": 29,
        "author": {
          "gitId": "erictongg"
        },
        "content": "        System.out.println(\"\\t____________________________________________________________\");"
      },
      {
        "lineNumber": 30,
        "author": {
          "gitId": "erictongg"
        },
        "content": "        System.out.println(\"\\tHere are the tasks in your list:\");"
      },
      {
        "lineNumber": 31,
        "author": {
          "gitId": "erictongg"
        },
        "content": "        for(int i \u003d 1 ; i \u003c\u003d item_count ; i++){"
      },
      {
        "lineNumber": 32,
        "author": {
          "gitId": "erictongg"
        },
        "content": "            String tick \u003d (this.done.get(i - 1) \u003d\u003d true) ? \"✓\" : \"✗\";"
      },
      {
        "lineNumber": 33,
        "author": {
          "gitId": "erictongg"
        },
        "content": "            String to_print \u003d \"[\" + this.task_cat.get(i - 1) + \"]\" + \"[\" + tick + \"] \" + this.list.get(i - 1);"
      },
      {
        "lineNumber": 34,
        "author": {
          "gitId": "erictongg"
        },
        "content": "            System.out.println(\"\\t\" + i + \". \" + to_print);"
      },
      {
        "lineNumber": 35,
        "author": {
          "gitId": "erictongg"
        },
        "content": "        }"
      },
      {
        "lineNumber": 36,
        "author": {
          "gitId": "erictongg"
        },
        "content": "        System.out.println(\"\\t____________________________________________________________\");"
      },
      {
        "lineNumber": 37,
        "author": {
          "gitId": "erictongg"
        },
        "content": "    }"
      },
      {
        "lineNumber": 38,
        "author": {
          "gitId": "erictongg"
        },
        "content": "    private void print_task(int index){"
      },
      {
        "lineNumber": 39,
        "author": {
          "gitId": "erictongg"
        },
        "content": "        String tick \u003d (this.done.get(index) \u003d\u003d true) ? \"✓\" : \"✗\";"
      },
      {
        "lineNumber": 40,
        "author": {
          "gitId": "erictongg"
        },
        "content": "        String to_print \u003d \"\\t[\" + this.task_cat.get(index) + \"]\" + \"[\" + tick + \"] \" + this.list.get(index);"
      },
      {
        "lineNumber": 41,
        "author": {
          "gitId": "erictongg"
        },
        "content": "        System.out.println(to_print);"
      },
      {
        "lineNumber": 42,
        "author": {
          "gitId": "erictongg"
        },
        "content": "    }"
      },
      {
        "lineNumber": 43,
        "author": {
          "gitId": "erictongg"
        },
        "content": ""
      },
      {
        "lineNumber": 44,
        "author": {
          "gitId": "erictongg"
        },
        "content": "    //setters"
      },
      {
        "lineNumber": 45,
        "author": {
          "gitId": "erictongg"
        },
        "content": "    private void insert_item(String input){"
      },
      {
        "lineNumber": 46,
        "author": {
          "gitId": "erictongg"
        },
        "content": "        String[] task_split \u003d input.split(\" \", 2);"
      },
      {
        "lineNumber": 47,
        "author": {
          "gitId": "erictongg"
        },
        "content": "        switch(task_split[0]){"
      },
      {
        "lineNumber": 48,
        "author": {
          "gitId": "erictongg"
        },
        "content": "            case \"todo\":"
      },
      {
        "lineNumber": 49,
        "author": {
          "gitId": "erictongg"
        },
        "content": "                this.task_cat.add(\u0027T\u0027);"
      },
      {
        "lineNumber": 50,
        "author": {
          "gitId": "erictongg"
        },
        "content": "                this.list.add(task_split[1]);"
      },
      {
        "lineNumber": 51,
        "author": {
          "gitId": "erictongg"
        },
        "content": "                break;"
      },
      {
        "lineNumber": 52,
        "author": {
          "gitId": "erictongg"
        },
        "content": "            case \"deadline\":"
      },
      {
        "lineNumber": 53,
        "author": {
          "gitId": "erictongg"
        },
        "content": "                this.task_cat.add(\u0027D\u0027);"
      },
      {
        "lineNumber": 54,
        "author": {
          "gitId": "erictongg"
        },
        "content": "                task_split \u003d task_split[1].split(\"/\", 2);"
      },
      {
        "lineNumber": 55,
        "author": {
          "gitId": "erictongg"
        },
        "content": "                this.list.add(task_split[0] + \"(\" + task_split[1] + \")\");"
      },
      {
        "lineNumber": 56,
        "author": {
          "gitId": "erictongg"
        },
        "content": "                break;"
      },
      {
        "lineNumber": 57,
        "author": {
          "gitId": "erictongg"
        },
        "content": "            case \"event\":"
      },
      {
        "lineNumber": 58,
        "author": {
          "gitId": "erictongg"
        },
        "content": "                this.task_cat.add(\u0027E\u0027);"
      },
      {
        "lineNumber": 59,
        "author": {
          "gitId": "erictongg"
        },
        "content": "                task_split \u003d task_split[1].split(\"/\", 2);"
      },
      {
        "lineNumber": 60,
        "author": {
          "gitId": "erictongg"
        },
        "content": "                this.list.add(task_split[0] + \"(\" + task_split[1] + \")\");"
      },
      {
        "lineNumber": 61,
        "author": {
          "gitId": "erictongg"
        },
        "content": "                break;"
      },
      {
        "lineNumber": 62,
        "author": {
          "gitId": "erictongg"
        },
        "content": "        }//end switch"
      },
      {
        "lineNumber": 63,
        "author": {
          "gitId": "erictongg"
        },
        "content": "        //this.done.set(item_count, false);"
      },
      {
        "lineNumber": 64,
        "author": {
          "gitId": "erictongg"
        },
        "content": "        this.done.add(false);"
      },
      {
        "lineNumber": 65,
        "author": {
          "gitId": "erictongg"
        },
        "content": "        item_count++;"
      },
      {
        "lineNumber": 66,
        "author": {
          "gitId": "erictongg"
        },
        "content": "        System.out.println(\"\\t____________________________________________________________\");"
      },
      {
        "lineNumber": 67,
        "author": {
          "gitId": "erictongg"
        },
        "content": "        System.out.print(\"\\tGot it. I\u0027ve added this task:\\n\\t\");"
      },
      {
        "lineNumber": 68,
        "author": {
          "gitId": "erictongg"
        },
        "content": "        print_task(item_count - 1);"
      },
      {
        "lineNumber": 69,
        "author": {
          "gitId": "erictongg"
        },
        "content": "        System.out.println(\"\\tNow you have \" + item_count + \" tasks in the list.\");"
      },
      {
        "lineNumber": 70,
        "author": {
          "gitId": "erictongg"
        },
        "content": "        System.out.println(\"\\t____________________________________________________________\");"
      },
      {
        "lineNumber": 71,
        "author": {
          "gitId": "erictongg"
        },
        "content": "    }"
      },
      {
        "lineNumber": 72,
        "author": {
          "gitId": "erictongg"
        },
        "content": "    private void mark_completion(String done_message){"
      },
      {
        "lineNumber": 73,
        "author": {
          "gitId": "erictongg"
        },
        "content": "        /*Remove any unwanted characters that are not int*/"
      },
      {
        "lineNumber": 74,
        "author": {
          "gitId": "erictongg"
        },
        "content": "        String number \u003d done_message.substring(done_message.indexOf(\" \") + 1);"
      },
      {
        "lineNumber": 75,
        "author": {
          "gitId": "erictongg"
        },
        "content": "        for(int i \u003d 0 ; i \u003c number.length() ; i++){"
      },
      {
        "lineNumber": 76,
        "author": {
          "gitId": "erictongg"
        },
        "content": "            if(number.charAt(i) \u003c 48 || number.charAt(i) \u003e 57){"
      },
      {
        "lineNumber": 77,
        "author": {
          "gitId": "erictongg"
        },
        "content": "                number \u003d number.substring(0, i);"
      },
      {
        "lineNumber": 78,
        "author": {
          "gitId": "erictongg"
        },
        "content": "            }//end if"
      },
      {
        "lineNumber": 79,
        "author": {
          "gitId": "erictongg"
        },
        "content": "        }//end for loop"
      },
      {
        "lineNumber": 80,
        "author": {
          "gitId": "erictongg"
        },
        "content": ""
      },
      {
        "lineNumber": 81,
        "author": {
          "gitId": "erictongg"
        },
        "content": "        int index \u003d Integer.parseInt(number); //convert to int"
      },
      {
        "lineNumber": 82,
        "author": {
          "gitId": "erictongg"
        },
        "content": ""
      },
      {
        "lineNumber": 83,
        "author": {
          "gitId": "erictongg"
        },
        "content": "        /*Check if number is within bound*/"
      },
      {
        "lineNumber": 84,
        "author": {
          "gitId": "erictongg"
        },
        "content": "        if(index \u003e item_count || index \u003c\u003d 0){"
      },
      {
        "lineNumber": 85,
        "author": {
          "gitId": "erictongg"
        },
        "content": "            duke_echo(\"There are only \" + item_count + \" items or the value is out of bound!\");"
      },
      {
        "lineNumber": 86,
        "author": {
          "gitId": "erictongg"
        },
        "content": "        }"
      },
      {
        "lineNumber": 87,
        "author": {
          "gitId": "erictongg"
        },
        "content": "        else if(this.done.get(index - 1) \u003d\u003d true){"
      },
      {
        "lineNumber": 88,
        "author": {
          "gitId": "erictongg"
        },
        "content": "            duke_echo(\"\\\"\" + this.list.get(index - 1) + \"\\\" was already marked as done\");"
      },
      {
        "lineNumber": 89,
        "author": {
          "gitId": "erictongg"
        },
        "content": "        }"
      },
      {
        "lineNumber": 90,
        "author": {
          "gitId": "erictongg"
        },
        "content": "        else{"
      },
      {
        "lineNumber": 91,
        "author": {
          "gitId": "erictongg"
        },
        "content": "            this.done.set(index - 1, true);"
      },
      {
        "lineNumber": 92,
        "author": {
          "gitId": "erictongg"
        },
        "content": "            String tick \u003d (this.done.get(index-1) \u003d\u003d true) ? \"✓\" : \"✗\";"
      },
      {
        "lineNumber": 93,
        "author": {
          "gitId": "erictongg"
        },
        "content": "            duke_echo(\"Nice! I\u0027ve marked this task as done:\\n\\t[\" + this.task_cat.get(index - 1) + \"]\" + \"[\" + tick + \"] \" + this.list.get(index - 1));"
      },
      {
        "lineNumber": 94,
        "author": {
          "gitId": "erictongg"
        },
        "content": "        }"
      },
      {
        "lineNumber": 95,
        "author": {
          "gitId": "erictongg"
        },
        "content": "    }"
      },
      {
        "lineNumber": 96,
        "author": {
          "gitId": "erictongg"
        },
        "content": "    private void mark_all_complete(){"
      },
      {
        "lineNumber": 97,
        "author": {
          "gitId": "erictongg"
        },
        "content": "        if(item_count \u003d\u003d 0){"
      },
      {
        "lineNumber": 98,
        "author": {
          "gitId": "erictongg"
        },
        "content": "            duke_echo(\"The list is empty!\");"
      },
      {
        "lineNumber": 99,
        "author": {
          "gitId": "erictongg"
        },
        "content": "            return;"
      },
      {
        "lineNumber": 100,
        "author": {
          "gitId": "erictongg"
        },
        "content": "        }"
      },
      {
        "lineNumber": 101,
        "author": {
          "gitId": "erictongg"
        },
        "content": "        for(int i \u003d 0 ; i \u003c item_count ; i++){"
      },
      {
        "lineNumber": 102,
        "author": {
          "gitId": "erictongg"
        },
        "content": "            this.done.set(i, true);"
      },
      {
        "lineNumber": 103,
        "author": {
          "gitId": "erictongg"
        },
        "content": "        }"
      },
      {
        "lineNumber": 104,
        "author": {
          "gitId": "erictongg"
        },
        "content": "        duke_echo(\"All tasks(\" + item_count + \") are marked as done\");"
      },
      {
        "lineNumber": 105,
        "author": {
          "gitId": "erictongg"
        },
        "content": "    }"
      },
      {
        "lineNumber": 106,
        "author": {
          "gitId": "erictongg"
        },
        "content": "    private void delete(String input) throws IndexOutOfBoundsException{"
      },
      {
        "lineNumber": 107,
        "author": {
          "gitId": "erictongg"
        },
        "content": "        String[] input_split \u003d input.split(\" \", 2);"
      },
      {
        "lineNumber": 108,
        "author": {
          "gitId": "erictongg"
        },
        "content": "        int index \u003d Integer.parseInt(input_split[1]);"
      },
      {
        "lineNumber": 109,
        "author": {
          "gitId": "erictongg"
        },
        "content": "        if(index \u003e item_count || index \u003c\u003d 0){"
      },
      {
        "lineNumber": 110,
        "author": {
          "gitId": "erictongg"
        },
        "content": "            throw new IndexOutOfBoundsException();"
      },
      {
        "lineNumber": 111,
        "author": {
          "gitId": "erictongg"
        },
        "content": "        }"
      },
      {
        "lineNumber": 112,
        "author": {
          "gitId": "erictongg"
        },
        "content": "        item_count--;"
      },
      {
        "lineNumber": 113,
        "author": {
          "gitId": "erictongg"
        },
        "content": "        System.out.println(\"\\t____________________________________________________________\");"
      },
      {
        "lineNumber": 114,
        "author": {
          "gitId": "erictongg"
        },
        "content": "        System.out.print(\"\\tNoted. I\u0027ve removed this task:\\n\\t\");"
      },
      {
        "lineNumber": 115,
        "author": {
          "gitId": "erictongg"
        },
        "content": "        print_task(index - 1);"
      },
      {
        "lineNumber": 116,
        "author": {
          "gitId": "erictongg"
        },
        "content": "        System.out.println(\"\\tNow you have \" + item_count + \" tasks in the list.\");"
      },
      {
        "lineNumber": 117,
        "author": {
          "gitId": "erictongg"
        },
        "content": "        System.out.println(\"\\t____________________________________________________________\");"
      },
      {
        "lineNumber": 118,
        "author": {
          "gitId": "erictongg"
        },
        "content": "        this.list.remove(index - 1);"
      },
      {
        "lineNumber": 119,
        "author": {
          "gitId": "erictongg"
        },
        "content": "        this.done.remove(index - 1);"
      },
      {
        "lineNumber": 120,
        "author": {
          "gitId": "erictongg"
        },
        "content": "        this.task_cat.remove(index - 1);"
      },
      {
        "lineNumber": 121,
        "author": {
          "gitId": "erictongg"
        },
        "content": "    }"
      },
      {
        "lineNumber": 122,
        "author": {
          "gitId": "erictongg"
        },
        "content": "    public void reader(){"
      },
      {
        "lineNumber": 123,
        "author": {
          "gitId": "erictongg"
        },
        "content": "        String user_input;"
      },
      {
        "lineNumber": 124,
        "author": {
          "gitId": "erictongg"
        },
        "content": "        Scanner input \u003d new Scanner(System.in);"
      },
      {
        "lineNumber": 125,
        "author": {
          "gitId": "erictongg"
        },
        "content": "        user_input \u003d input.nextLine();"
      },
      {
        "lineNumber": 126,
        "author": {
          "gitId": "erictongg"
        },
        "content": "        try{"
      },
      {
        "lineNumber": 127,
        "author": {
          "gitId": "erictongg"
        },
        "content": "            responses(user_input.trim());"
      },
      {
        "lineNumber": 128,
        "author": {
          "gitId": "erictongg"
        },
        "content": "        }"
      },
      {
        "lineNumber": 129,
        "author": {
          "gitId": "erictongg"
        },
        "content": "        catch(IllegalInputException e){ //unknown input"
      },
      {
        "lineNumber": 130,
        "author": {
          "gitId": "erictongg"
        },
        "content": "            duke_echo(\" ☹ OOPS!!! I\u0027m sorry, but I don\u0027t know what that means :-(\");"
      },
      {
        "lineNumber": 131,
        "author": {
          "gitId": "erictongg"
        },
        "content": "        }"
      },
      {
        "lineNumber": 132,
        "author": {
          "gitId": "erictongg"
        },
        "content": "        catch(ArrayIndexOutOfBoundsException e){ //todo, event \u0026 deadline"
      },
      {
        "lineNumber": 133,
        "author": {
          "gitId": "erictongg"
        },
        "content": "            duke_echo(\"☹ OOPS!!! The description of a \" + user_input.trim() + \" cannot be empty.\");"
      },
      {
        "lineNumber": 134,
        "author": {
          "gitId": "erictongg"
        },
        "content": "        }"
      },
      {
        "lineNumber": 135,
        "author": {
          "gitId": "erictongg"
        },
        "content": "        catch(NumberFormatException e){ //done"
      },
      {
        "lineNumber": 136,
        "author": {
          "gitId": "erictongg"
        },
        "content": "            duke_echo(\"☹ OOPS!!! The description of a \" + user_input.trim() + \" cannot be empty.\");"
      },
      {
        "lineNumber": 137,
        "author": {
          "gitId": "erictongg"
        },
        "content": "        }"
      },
      {
        "lineNumber": 138,
        "author": {
          "gitId": "erictongg"
        },
        "content": "        catch(IndexOutOfBoundsException e){"
      },
      {
        "lineNumber": 139,
        "author": {
          "gitId": "erictongg"
        },
        "content": "            duke_echo(\"☹ OOPS!!! Delete is out of bound. \");"
      },
      {
        "lineNumber": 140,
        "author": {
          "gitId": "erictongg"
        },
        "content": "        }"
      },
      {
        "lineNumber": 141,
        "author": {
          "gitId": "erictongg"
        },
        "content": "    }"
      },
      {
        "lineNumber": 142,
        "author": {
          "gitId": "erictongg"
        },
        "content": "    private void responses(String user_input) throws IllegalInputException{"
      },
      {
        "lineNumber": 143,
        "author": {
          "gitId": "erictongg"
        },
        "content": "        if(user_input.equals(\"bye\")){ //bye: end duke"
      },
      {
        "lineNumber": 144,
        "author": {
          "gitId": "erictongg"
        },
        "content": "            duke_echo(\"Bye. Hope to see you again soon!\");"
      },
      {
        "lineNumber": 145,
        "author": {
          "gitId": "erictongg"
        },
        "content": "            System.exit(0);"
      },
      {
        "lineNumber": 146,
        "author": {
          "gitId": "erictongg"
        },
        "content": "        }//end if"
      },
      {
        "lineNumber": 147,
        "author": {
          "gitId": "erictongg"
        },
        "content": "        else if(user_input.equals(\"list\")){ //list: list items"
      },
      {
        "lineNumber": 148,
        "author": {
          "gitId": "erictongg"
        },
        "content": "            this.printList();"
      },
      {
        "lineNumber": 149,
        "author": {
          "gitId": "erictongg"
        },
        "content": "        }//end else if"
      },
      {
        "lineNumber": 150,
        "author": {
          "gitId": "erictongg"
        },
        "content": "        else if(user_input.contains(\"done\") /*\u0026\u0026 (user_input.equals(\"done\") \u003d\u003d false)*/){ //done: change done to true from false"
      },
      {
        "lineNumber": 151,
        "author": {
          "gitId": "erictongg"
        },
        "content": "            if(user_input.equals(\"done all\")){"
      },
      {
        "lineNumber": 152,
        "author": {
          "gitId": "erictongg"
        },
        "content": "                this.mark_all_complete();"
      },
      {
        "lineNumber": 153,
        "author": {
          "gitId": "erictongg"
        },
        "content": "                return;"
      },
      {
        "lineNumber": 154,
        "author": {
          "gitId": "erictongg"
        },
        "content": "            }"
      },
      {
        "lineNumber": 155,
        "author": {
          "gitId": "erictongg"
        },
        "content": "            this.mark_completion(user_input);"
      },
      {
        "lineNumber": 156,
        "author": {
          "gitId": "erictongg"
        },
        "content": "        }"
      },
      {
        "lineNumber": 157,
        "author": {
          "gitId": "erictongg"
        },
        "content": "        else if((user_input.contains(\"todo\") || user_input.contains(\"deadline\") || user_input.contains(\"event\"))){ //insertion of item into list"
      },
      {
        "lineNumber": 158,
        "author": {
          "gitId": "erictongg"
        },
        "content": "            this.insert_item(user_input);"
      },
      {
        "lineNumber": 159,
        "author": {
          "gitId": "erictongg"
        },
        "content": "        }//end else if"
      },
      {
        "lineNumber": 160,
        "author": {
          "gitId": "erictongg"
        },
        "content": "        else if(user_input.contains(\"delete\")){"
      },
      {
        "lineNumber": 161,
        "author": {
          "gitId": "erictongg"
        },
        "content": "            this.delete(user_input);"
      },
      {
        "lineNumber": 162,
        "author": {
          "gitId": "erictongg"
        },
        "content": "        }"
      },
      {
        "lineNumber": 163,
        "author": {
          "gitId": "erictongg"
        },
        "content": "        else{"
      },
      {
        "lineNumber": 164,
        "author": {
          "gitId": "erictongg"
        },
        "content": "            throw new IllegalInputException();"
      },
      {
        "lineNumber": 165,
        "author": {
          "gitId": "erictongg"
        },
        "content": "        }//end else"
      },
      {
        "lineNumber": 166,
        "author": {
          "gitId": "erictongg"
        },
        "content": "    }"
      },
      {
        "lineNumber": 167,
        "author": {
          "gitId": "erictongg"
        },
        "content": "}"
      }
    ],
    "authorContributionMap": {
      "erictongg": 167
    }
  }
]
