{
  "authorDailyContributionsMap": {
    "erictongg": [
      {
        "date": "2020-08-25",
        "commitResults": [
          {
            "hash": "322f8ea96d7bcc922d7f0cb9deb25faed79a7a87",
            "messageTitle": "added level 1",
            "messageBody": "",
            "tags": [
              "v1.1"
            ],
            "fileTypesAndContributionMap": {
              "java": {
                "insertions": 27,
                "deletions": 0
              }
            }
          },
          {
            "hash": "99bb8b6b19631bf7a5488b890f8e33ac404c2dbf",
            "messageTitle": "added level 2",
            "messageBody": "",
            "tags": [
              "v1.2"
            ],
            "fileTypesAndContributionMap": {
              "java": {
                "insertions": 52,
                "deletions": 11
              }
            }
          }
        ]
      },
      {
        "date": "2020-09-01",
        "commitResults": [
          {
            "hash": "0e35871f742a80f4fa10952de8e1dbf026b0acc2",
            "messageTitle": "added level 3 \u0026 created List class",
            "messageBody": "",
            "tags": [
              "v1.3"
            ],
            "fileTypesAndContributionMap": {
              "java": {
                "insertions": 100,
                "deletions": 65
              }
            }
          },
          {
            "hash": "7e822b007b88fb857e12ce30966dc5e8622c3276",
            "messageTitle": "added level 4",
            "messageBody": "",
            "tags": [
              "v1.4"
            ],
            "fileTypesAndContributionMap": {
              "java": {
                "insertions": 78,
                "deletions": 22
              }
            }
          }
        ]
      },
      {
        "date": "2020-09-14",
        "commitResults": [
          {
            "hash": "cd6cf7892325ed870dd57fe2ef4119bd44528bbe",
            "messageTitle": "added level 5 \u0026 created IllegalInputException class",
            "messageBody": "",
            "tags": [
              "v1.5"
            ],
            "fileTypesAndContributionMap": {
              "java": {
                "insertions": 26,
                "deletions": 9
              }
            }
          }
        ]
      },
      {
        "date": "2020-09-30",
        "commitResults": [
          {
            "hash": "eff27b751a66ee90eaca501ae70aa9fa2c994563",
            "messageTitle": "added level 6, implemented delete \u0026 change datatype to array list",
            "messageBody": "",
            "tags": [
              "v1.6"
            ],
            "fileTypesAndContributionMap": {
              "java": {
                "insertions": 48,
                "deletions": 43
              }
            }
          }
        ]
      },
      {
        "date": "2020-10-25",
        "commitResults": [
          {
            "hash": "85dd1ad9056b4246b864505305c3941edcbe5953",
            "messageTitle": "added level 7, refactor code to have more OOP",
            "messageBody": "",
            "tags": [
              "v1.7"
            ],
            "fileTypesAndContributionMap": {
              "txt": {
                "insertions": 7,
                "deletions": 0
              },
              "java": {
                "insertions": 353,
                "deletions": 177
              }
            }
          }
        ]
      },
      {
        "date": "2020-10-27",
        "commitResults": [
          {
            "hash": "95e0120207d7d16ea509aea3a12b796709727344",
            "messageTitle": "level 7 refinement, added packages",
            "messageBody": "",
            "tags": [
              "v1.71"
            ],
            "fileTypesAndContributionMap": {
              "txt": {
                "insertions": 3,
                "deletions": 7
              },
              "java": {
                "insertions": 66,
                "deletions": 13
              }
            }
          }
        ]
      },
      {
        "date": "2020-11-01",
        "commitResults": [
          {
            "hash": "37464eb3ca13a5503f11c17c55fa6ee25370df6a",
            "messageTitle": "added level 8 dates and time, JavaDoc",
            "messageBody": "",
            "tags": [
              "v1.8"
            ],
            "fileTypesAndContributionMap": {
              "txt": {
                "insertions": 8,
                "deletions": 2
              },
              "java": {
                "insertions": 234,
                "deletions": 28
              }
            }
          }
        ]
      },
      {
        "date": "2020-11-05",
        "commitResults": [
          {
            "hash": "0a3b5b62aaceeaccd99c5f5cb821140105d2e2ba",
            "messageTitle": "level 8 refinement, added junit",
            "messageBody": "",
            "tags": [
              "v1.81"
            ],
            "fileTypesAndContributionMap": {
              "txt": {
                "insertions": 0,
                "deletions": 2
              },
              "java": {
                "insertions": 78,
                "deletions": 2
              }
            }
          },
          {
            "hash": "ac76146276e37113828cfa1ad751000128d8f4cf",
            "messageTitle": "added level 9, individual feature (update) \u0026 find",
            "messageBody": "",
            "tags": [
              "v1.9"
            ],
            "fileTypesAndContributionMap": {
              "txt": {
                "insertions": 1,
                "deletions": 1
              },
              "java": {
                "insertions": 84,
                "deletions": 2
              }
            }
          }
        ]
      },
      {
        "date": "2020-11-07",
        "commitResults": [
          {
            "hash": "03d7ef8fd115499abfae0b30bf62e61bb1f92e29",
            "messageTitle": "added level 10, Recurring Task",
            "messageBody": "",
            "tags": [
              "1.10"
            ],
            "fileTypesAndContributionMap": {
              "txt": {
                "insertions": 1,
                "deletions": 0
              },
              "java": {
                "insertions": 83,
                "deletions": 1
              }
            }
          }
        ]
      }
    ]
  },
  "authorFileTypeContributionMap": {
    "erictongg": {
      "java": 859,
      "md": 0,
      "fxml": 0,
      "sh": 0,
      "bat": 0,
      "gradle": 0,
      "txt": 8
    }
  },
  "authorContributionVariance": {
    "erictongg": 5385.8604
  },
  "authorDisplayNameMap": {
    "erictongg": "ERIC.. GUO"
  }
}
