[
  {
    "path": "src/main/java/Deadline.java",
    "fileType": "java",
    "lines": [
      {
        "lineNumber": 1,
        "author": {
          "gitId": "zarifahz"
        },
        "content": "import java.time.LocalDateTime;"
      },
      {
        "lineNumber": 2,
        "author": {
          "gitId": "zarifahz"
        },
        "content": "import java.time.format.TextStyle;"
      },
      {
        "lineNumber": 3,
        "author": {
          "gitId": "zarifahz"
        },
        "content": "import java.util.Locale;"
      },
      {
        "lineNumber": 4,
        "author": {
          "gitId": "zarifahz"
        },
        "content": ""
      },
      {
        "lineNumber": 5,
        "author": {
          "gitId": "zarifahz"
        },
        "content": "public class Deadline extends Task{"
      },
      {
        "lineNumber": 6,
        "author": {
          "gitId": "zarifahz"
        },
        "content": ""
      },
      {
        "lineNumber": 7,
        "author": {
          "gitId": "zarifahz"
        },
        "content": "    protected LocalDateTime timecheck;"
      },
      {
        "lineNumber": 8,
        "author": {
          "gitId": "zarifahz"
        },
        "content": ""
      },
      {
        "lineNumber": 9,
        "author": {
          "gitId": "zarifahz"
        },
        "content": "    public Deadline (String description, LocalDateTime timecheck) {"
      },
      {
        "lineNumber": 10,
        "author": {
          "gitId": "zarifahz"
        },
        "content": "        super(description);"
      },
      {
        "lineNumber": 11,
        "author": {
          "gitId": "zarifahz"
        },
        "content": "        this.timecheck \u003d timecheck;"
      },
      {
        "lineNumber": 12,
        "author": {
          "gitId": "zarifahz"
        },
        "content": "    }"
      },
      {
        "lineNumber": 13,
        "author": {
          "gitId": "zarifahz"
        },
        "content": ""
      },
      {
        "lineNumber": 14,
        "author": {
          "gitId": "zarifahz"
        },
        "content": "    private String generateDateAndTimeString() {"
      },
      {
        "lineNumber": 15,
        "author": {
          "gitId": "zarifahz"
        },
        "content": "        String dateAndTime \u003d \"\" + timecheck.getDayOfMonth();"
      },
      {
        "lineNumber": 16,
        "author": {
          "gitId": "zarifahz"
        },
        "content": "    int day \u003d timecheck.getDayOfMonth();"
      },
      {
        "lineNumber": 17,
        "author": {
          "gitId": "zarifahz"
        },
        "content": ""
      },
      {
        "lineNumber": 18,
        "author": {
          "gitId": "zarifahz"
        },
        "content": "        if (day \u003d\u003d 1 || day \u003d\u003d 21 || day \u003d\u003d 31) {"
      },
      {
        "lineNumber": 19,
        "author": {
          "gitId": "zarifahz"
        },
        "content": "        dateAndTime +\u003d \"st\";"
      },
      {
        "lineNumber": 20,
        "author": {
          "gitId": "zarifahz"
        },
        "content": "    } else if (day \u003d\u003d 2 || day \u003d\u003d 22) {"
      },
      {
        "lineNumber": 21,
        "author": {
          "gitId": "zarifahz"
        },
        "content": "        dateAndTime +\u003d \"nd\";"
      },
      {
        "lineNumber": 22,
        "author": {
          "gitId": "zarifahz"
        },
        "content": "    } else if (day \u003d\u003d 3 || day \u003d\u003d 23) {"
      },
      {
        "lineNumber": 23,
        "author": {
          "gitId": "zarifahz"
        },
        "content": "        dateAndTime +\u003d \"rd\";"
      },
      {
        "lineNumber": 24,
        "author": {
          "gitId": "zarifahz"
        },
        "content": "    } else {"
      },
      {
        "lineNumber": 25,
        "author": {
          "gitId": "zarifahz"
        },
        "content": "        dateAndTime +\u003d \"th\";"
      },
      {
        "lineNumber": 26,
        "author": {
          "gitId": "zarifahz"
        },
        "content": "    }"
      },
      {
        "lineNumber": 27,
        "author": {
          "gitId": "zarifahz"
        },
        "content": ""
      },
      {
        "lineNumber": 28,
        "author": {
          "gitId": "zarifahz"
        },
        "content": "    dateAndTime +\u003d \" of \" + timecheck.getMonth().getDisplayName(TextStyle.FULL, Locale.ENGLISH)"
      },
      {
        "lineNumber": 29,
        "author": {
          "gitId": "zarifahz"
        },
        "content": "                + \" \" + timecheck.getYear() + \", \";"
      },
      {
        "lineNumber": 30,
        "author": {
          "gitId": "zarifahz"
        },
        "content": ""
      },
      {
        "lineNumber": 31,
        "author": {
          "gitId": "zarifahz"
        },
        "content": "        if (timecheck.getHour() \u003e 12) {"
      },
      {
        "lineNumber": 32,
        "author": {
          "gitId": "zarifahz"
        },
        "content": "        dateAndTime +\u003d (timecheck.getHour() % 12) + \"\""
      },
      {
        "lineNumber": 33,
        "author": {
          "gitId": "zarifahz"
        },
        "content": "                + (timecheck.getMinute() \u003d\u003d 0 ? \"\" : \".\" + (timecheck.getMinute() \u003c 10 ? \"0\" : \"\")"
      },
      {
        "lineNumber": 34,
        "author": {
          "gitId": "zarifahz"
        },
        "content": "                + timecheck.getMinute()) + \"pm\";"
      },
      {
        "lineNumber": 35,
        "author": {
          "gitId": "zarifahz"
        },
        "content": "    } else if (timecheck.getHour() \u003d\u003d 12) {"
      },
      {
        "lineNumber": 36,
        "author": {
          "gitId": "zarifahz"
        },
        "content": "        dateAndTime +\u003d timecheck.getHour() + \"\""
      },
      {
        "lineNumber": 37,
        "author": {
          "gitId": "zarifahz"
        },
        "content": "                + (timecheck.getMinute() \u003d\u003d 0 ? \"\" : \".\" + (timecheck.getMinute() \u003c 10 ? \"0\" : \"\")"
      },
      {
        "lineNumber": 38,
        "author": {
          "gitId": "zarifahz"
        },
        "content": "                + timecheck.getMinute()) + \"pm\";"
      },
      {
        "lineNumber": 39,
        "author": {
          "gitId": "zarifahz"
        },
        "content": "    } else if (timecheck.getHour() \u003d\u003d 0) {"
      },
      {
        "lineNumber": 40,
        "author": {
          "gitId": "zarifahz"
        },
        "content": "        dateAndTime +\u003d 12 + \"\""
      },
      {
        "lineNumber": 41,
        "author": {
          "gitId": "zarifahz"
        },
        "content": "                + (timecheck.getMinute() \u003d\u003d 0 ? \"\" : \".\" + (timecheck.getMinute() \u003c 10 ? \"0\" : \"\")"
      },
      {
        "lineNumber": 42,
        "author": {
          "gitId": "zarifahz"
        },
        "content": "                + timecheck.getMinute()) + \"am\";"
      },
      {
        "lineNumber": 43,
        "author": {
          "gitId": "zarifahz"
        },
        "content": "    } else {"
      },
      {
        "lineNumber": 44,
        "author": {
          "gitId": "zarifahz"
        },
        "content": "        dateAndTime +\u003d timecheck.getHour() + \"\""
      },
      {
        "lineNumber": 45,
        "author": {
          "gitId": "zarifahz"
        },
        "content": "                + (timecheck.getMinute() \u003d\u003d 0 ? \"\" : \".\" + (timecheck.getMinute() \u003c 10 ? \"0\" : \"\") + timecheck.getMinute()) + \"am\";"
      },
      {
        "lineNumber": 46,
        "author": {
          "gitId": "zarifahz"
        },
        "content": "    }"
      },
      {
        "lineNumber": 47,
        "author": {
          "gitId": "zarifahz"
        },
        "content": ""
      },
      {
        "lineNumber": 48,
        "author": {
          "gitId": "zarifahz"
        },
        "content": "        return dateAndTime;"
      },
      {
        "lineNumber": 49,
        "author": {
          "gitId": "zarifahz"
        },
        "content": "}"
      },
      {
        "lineNumber": 50,
        "author": {
          "gitId": "zarifahz"
        },
        "content": ""
      },
      {
        "lineNumber": 51,
        "author": {
          "gitId": "zarifahz"
        },
        "content": "    @Override"
      },
      {
        "lineNumber": 52,
        "author": {
          "gitId": "zarifahz"
        },
        "content": "    public String toString(){"
      },
      {
        "lineNumber": 53,
        "author": {
          "gitId": "zarifahz"
        },
        "content": "        return \"[D]\" + super.toString() + \" (by: \" + generateDateAndTimeString() + \")\";"
      },
      {
        "lineNumber": 54,
        "author": {
          "gitId": "zarifahz"
        },
        "content": "    }"
      },
      {
        "lineNumber": 55,
        "author": {
          "gitId": "zarifahz"
        },
        "content": ""
      },
      {
        "lineNumber": 56,
        "author": {
          "gitId": "zarifahz"
        },
        "content": "}"
      }
    ],
    "authorContributionMap": {
      "zarifahz": 56
    }
  },
  {
    "path": "src/main/java/Duke.java",
    "fileType": "java",
    "lines": [
      {
        "lineNumber": 1,
        "author": {
          "gitId": "zarifahz"
        },
        "content": "import java.util.ArrayList;"
      },
      {
        "lineNumber": 2,
        "author": {
          "gitId": "zarifahz"
        },
        "content": "import java.util.Scanner;"
      },
      {
        "lineNumber": 3,
        "author": {
          "gitId": "zarifahz"
        },
        "content": "import java.io.FileNotFoundException;"
      },
      {
        "lineNumber": 4,
        "author": {
          "gitId": "zarifahz"
        },
        "content": "import java.io.File;"
      },
      {
        "lineNumber": 5,
        "author": {
          "gitId": "zarifahz"
        },
        "content": "import java.io.FileWriter;"
      },
      {
        "lineNumber": 6,
        "author": {
          "gitId": "zarifahz"
        },
        "content": "import java.io.IOException;"
      },
      {
        "lineNumber": 7,
        "author": {
          "gitId": "zarifahz"
        },
        "content": "import java.time.format.DateTimeParseException;"
      },
      {
        "lineNumber": 8,
        "author": {
          "gitId": "zarifahz"
        },
        "content": "import java.time.format.DateTimeFormatter;"
      },
      {
        "lineNumber": 9,
        "author": {
          "gitId": "zarifahz"
        },
        "content": "import java.time.LocalDateTime;"
      },
      {
        "lineNumber": 10,
        "author": {
          "gitId": "zarifahz"
        },
        "content": ""
      },
      {
        "lineNumber": 11,
        "author": {
          "gitId": "-"
        },
        "content": "public class Duke {"
      },
      {
        "lineNumber": 12,
        "author": {
          "gitId": "zarifahz"
        },
        "content": ""
      },
      {
        "lineNumber": 13,
        "author": {
          "gitId": "zarifahz"
        },
        "content": "    public static void greet() {"
      },
      {
        "lineNumber": 14,
        "author": {
          "gitId": "zarifahz"
        },
        "content": "        System.out.print(\"Hello! I\u0027m Duke\\n\" + \"What can I do for you?\\n\");"
      },
      {
        "lineNumber": 15,
        "author": {
          "gitId": "zarifahz"
        },
        "content": "    }"
      },
      {
        "lineNumber": 16,
        "author": {
          "gitId": "zarifahz"
        },
        "content": ""
      },
      {
        "lineNumber": 17,
        "author": {
          "gitId": "zarifahz"
        },
        "content": "    public static void printLine() {"
      },
      {
        "lineNumber": 18,
        "author": {
          "gitId": "zarifahz"
        },
        "content": "        System.out.println(\"    ____________________________________________________________\");"
      },
      {
        "lineNumber": 19,
        "author": {
          "gitId": "zarifahz"
        },
        "content": "    }"
      },
      {
        "lineNumber": 20,
        "author": {
          "gitId": "zarifahz"
        },
        "content": ""
      },
      {
        "lineNumber": 21,
        "author": {
          "gitId": "zarifahz"
        },
        "content": "    public static void bye() {"
      },
      {
        "lineNumber": 22,
        "author": {
          "gitId": "zarifahz"
        },
        "content": "        System.out.println(\"   Bye. Hope to see you again soon!\");"
      },
      {
        "lineNumber": 23,
        "author": {
          "gitId": "zarifahz"
        },
        "content": "    }"
      },
      {
        "lineNumber": 24,
        "author": {
          "gitId": "zarifahz"
        },
        "content": ""
      },
      {
        "lineNumber": 25,
        "author": {
          "gitId": "zarifahz"
        },
        "content": "    public static void command() {"
      },
      {
        "lineNumber": 26,
        "author": {
          "gitId": "zarifahz"
        },
        "content": ""
      },
      {
        "lineNumber": 27,
        "author": {
          "gitId": "zarifahz"
        },
        "content": "        String[] list \u003d new String[10]; // create list!"
      },
      {
        "lineNumber": 28,
        "author": {
          "gitId": "zarifahz"
        },
        "content": "        ArrayList\u003cTask\u003e tasks \u003d new ArrayList\u003cTask\u003e(); //change to Array"
      },
      {
        "lineNumber": 29,
        "author": {
          "gitId": "zarifahz"
        },
        "content": "        int pointer \u003d 0;"
      },
      {
        "lineNumber": 30,
        "author": {
          "gitId": "zarifahz"
        },
        "content": ""
      },
      {
        "lineNumber": 31,
        "author": {
          "gitId": "zarifahz"
        },
        "content": "        Scanner in \u003d new Scanner(System.in);"
      },
      {
        "lineNumber": 32,
        "author": {
          "gitId": "zarifahz"
        },
        "content": "        String line;"
      },
      {
        "lineNumber": 33,
        "author": {
          "gitId": "zarifahz"
        },
        "content": "        //printLine();"
      },
      {
        "lineNumber": 34,
        "author": {
          "gitId": "zarifahz"
        },
        "content": "        String endconvo \u003d \"bye\";"
      },
      {
        "lineNumber": 35,
        "author": {
          "gitId": "zarifahz"
        },
        "content": ""
      },
      {
        "lineNumber": 36,
        "author": {
          "gitId": "zarifahz"
        },
        "content": ""
      },
      {
        "lineNumber": 37,
        "author": {
          "gitId": "zarifahz"
        },
        "content": "        while (true) {"
      },
      {
        "lineNumber": 38,
        "author": {
          "gitId": "zarifahz"
        },
        "content": ""
      },
      {
        "lineNumber": 39,
        "author": {
          "gitId": "zarifahz"
        },
        "content": "            try {"
      },
      {
        "lineNumber": 40,
        "author": {
          "gitId": "zarifahz"
        },
        "content": ""
      },
      {
        "lineNumber": 41,
        "author": {
          "gitId": "zarifahz"
        },
        "content": "                line \u003d in.nextLine();"
      },
      {
        "lineNumber": 42,
        "author": {
          "gitId": "zarifahz"
        },
        "content": "                if (line.equals(endconvo)) { //if user enter bye"
      },
      {
        "lineNumber": 43,
        "author": {
          "gitId": "zarifahz"
        },
        "content": "                    bye();"
      },
      {
        "lineNumber": 44,
        "author": {
          "gitId": "zarifahz"
        },
        "content": "                    printLine();"
      },
      {
        "lineNumber": 45,
        "author": {
          "gitId": "zarifahz"
        },
        "content": "                    return;"
      },
      {
        "lineNumber": 46,
        "author": {
          "gitId": "zarifahz"
        },
        "content": ""
      },
      {
        "lineNumber": 47,
        "author": {
          "gitId": "zarifahz"
        },
        "content": "                } else if (line.equals(\"list\")) {  //number of list"
      },
      {
        "lineNumber": 48,
        "author": {
          "gitId": "zarifahz"
        },
        "content": ""
      },
      {
        "lineNumber": 49,
        "author": {
          "gitId": "zarifahz"
        },
        "content": "                    System.out.println(\"   Here are the tasks in your lists: \");"
      },
      {
        "lineNumber": 50,
        "author": {
          "gitId": "zarifahz"
        },
        "content": "                    for (int i \u003d 0; i \u003c tasks.size(); i++) {"
      },
      {
        "lineNumber": 51,
        "author": {
          "gitId": "zarifahz"
        },
        "content": "                        System.out.println(i + 1 + \". \" + tasks.get(i).toString()); //shows tasklist"
      },
      {
        "lineNumber": 52,
        "author": {
          "gitId": "zarifahz"
        },
        "content": ""
      },
      {
        "lineNumber": 53,
        "author": {
          "gitId": "zarifahz"
        },
        "content": "                    }//printLine();"
      },
      {
        "lineNumber": 54,
        "author": {
          "gitId": "zarifahz"
        },
        "content": ""
      },
      {
        "lineNumber": 55,
        "author": {
          "gitId": "zarifahz"
        },
        "content": "                } else if (line.contains(\"done\")) {"
      },
      {
        "lineNumber": 56,
        "author": {
          "gitId": "zarifahz"
        },
        "content": ""
      },
      {
        "lineNumber": 57,
        "author": {
          "gitId": "zarifahz"
        },
        "content": "                    int j \u003d Integer.parseInt(line.substring(5)) - 1; //refer to which list is done and mark it"
      },
      {
        "lineNumber": 58,
        "author": {
          "gitId": "zarifahz"
        },
        "content": "                    Task currenttask \u003d tasks.get(j);"
      },
      {
        "lineNumber": 59,
        "author": {
          "gitId": "zarifahz"
        },
        "content": "                    currenttask.markDone();"
      },
      {
        "lineNumber": 60,
        "author": {
          "gitId": "zarifahz"
        },
        "content": "                    System.out.println(\"   Nice! I\u0027ve marked this task as done:\\n \" + currenttask.toString());"
      },
      {
        "lineNumber": 61,
        "author": {
          "gitId": "zarifahz"
        },
        "content": ""
      },
      {
        "lineNumber": 62,
        "author": {
          "gitId": "zarifahz"
        },
        "content": "                } else if (line.contains(\"delete\")) {"
      },
      {
        "lineNumber": 63,
        "author": {
          "gitId": "zarifahz"
        },
        "content": ""
      },
      {
        "lineNumber": 64,
        "author": {
          "gitId": "zarifahz"
        },
        "content": "                    int delete \u003d Integer.parseInt(line.substring(7)) - 1; //delete"
      },
      {
        "lineNumber": 65,
        "author": {
          "gitId": "zarifahz"
        },
        "content": "                    Task currenttask \u003d tasks.get(delete);"
      },
      {
        "lineNumber": 66,
        "author": {
          "gitId": "zarifahz"
        },
        "content": "                    tasks.remove(delete);"
      },
      {
        "lineNumber": 67,
        "author": {
          "gitId": "zarifahz"
        },
        "content": ""
      },
      {
        "lineNumber": 68,
        "author": {
          "gitId": "zarifahz"
        },
        "content": "                    System.out.println(\"   Noted. I\u0027ve removed this task:\\n \" + currenttask.toString());"
      },
      {
        "lineNumber": 69,
        "author": {
          "gitId": "zarifahz"
        },
        "content": "                    System.out.println(\"   Now you have \" + (tasks.size()) + \" tasks in the list.\");"
      },
      {
        "lineNumber": 70,
        "author": {
          "gitId": "zarifahz"
        },
        "content": "                    pointer++;"
      },
      {
        "lineNumber": 71,
        "author": {
          "gitId": "zarifahz"
        },
        "content": ""
      },
      {
        "lineNumber": 72,
        "author": {
          "gitId": "zarifahz"
        },
        "content": "                } else if (line.contains(\"todo\")) { //try to combine all three classes"
      },
      {
        "lineNumber": 73,
        "author": {
          "gitId": "zarifahz"
        },
        "content": ""
      },
      {
        "lineNumber": 74,
        "author": {
          "gitId": "zarifahz"
        },
        "content": "                    tasks.add(new ToDo(line.substring(5)));"
      },
      {
        "lineNumber": 75,
        "author": {
          "gitId": "zarifahz"
        },
        "content": ""
      },
      {
        "lineNumber": 76,
        "author": {
          "gitId": "zarifahz"
        },
        "content": "                    System.out.println(\"Got it. I\u0027ve added this task:\");"
      },
      {
        "lineNumber": 77,
        "author": {
          "gitId": "zarifahz"
        },
        "content": "                    System.out.println(tasks.get(tasks.size() - 1).toString());"
      },
      {
        "lineNumber": 78,
        "author": {
          "gitId": "zarifahz"
        },
        "content": "                    System.out.println(\"Now you have \" + (tasks.size()) + \" tasks in the list.\");"
      },
      {
        "lineNumber": 79,
        "author": {
          "gitId": "zarifahz"
        },
        "content": "                    pointer++;"
      },
      {
        "lineNumber": 80,
        "author": {
          "gitId": "zarifahz"
        },
        "content": "                    //System.out.println(\"added: \" + line);"
      },
      {
        "lineNumber": 81,
        "author": {
          "gitId": "zarifahz"
        },
        "content": ""
      },
      {
        "lineNumber": 82,
        "author": {
          "gitId": "zarifahz"
        },
        "content": "                } else if (line.contains(\"event\")) {"
      },
      {
        "lineNumber": 83,
        "author": {
          "gitId": "zarifahz"
        },
        "content": ""
      },
      {
        "lineNumber": 84,
        "author": {
          "gitId": "zarifahz"
        },
        "content": "                    int separator \u003d line.indexOf(\u0027/\u0027);"
      },
      {
        "lineNumber": 85,
        "author": {
          "gitId": "zarifahz"
        },
        "content": ""
      },
      {
        "lineNumber": 86,
        "author": {
          "gitId": "zarifahz"
        },
        "content": "                    String dateAndTime \u003d line.substring(separator + 4);"
      },
      {
        "lineNumber": 87,
        "author": {
          "gitId": "zarifahz"
        },
        "content": "                    DateTimeFormatter format \u003d DateTimeFormatter.ofPattern(\"dd/MM/yyyy HHmm\");"
      },
      {
        "lineNumber": 88,
        "author": {
          "gitId": "zarifahz"
        },
        "content": "                    LocalDateTime dateTime \u003d LocalDateTime.parse(dateAndTime, format);"
      },
      {
        "lineNumber": 89,
        "author": {
          "gitId": "zarifahz"
        },
        "content": "                    tasks.add(new Event(line.substring(6, separator - 1), dateTime));"
      },
      {
        "lineNumber": 90,
        "author": {
          "gitId": "zarifahz"
        },
        "content": ""
      },
      {
        "lineNumber": 91,
        "author": {
          "gitId": "zarifahz"
        },
        "content": "                    System.out.println(\"Got it. I\u0027ve added this task:\");"
      },
      {
        "lineNumber": 92,
        "author": {
          "gitId": "zarifahz"
        },
        "content": "                    System.out.println(tasks.get(tasks.size() - 1).toString());"
      },
      {
        "lineNumber": 93,
        "author": {
          "gitId": "zarifahz"
        },
        "content": "                    System.out.println(\"Now you have \" + (tasks.size()) + \" tasks in the list.\");"
      },
      {
        "lineNumber": 94,
        "author": {
          "gitId": "zarifahz"
        },
        "content": "                    pointer++;"
      },
      {
        "lineNumber": 95,
        "author": {
          "gitId": "zarifahz"
        },
        "content": ""
      },
      {
        "lineNumber": 96,
        "author": {
          "gitId": "zarifahz"
        },
        "content": ""
      },
      {
        "lineNumber": 97,
        "author": {
          "gitId": "zarifahz"
        },
        "content": ""
      },
      {
        "lineNumber": 98,
        "author": {
          "gitId": "zarifahz"
        },
        "content": "                } else if (line.contains(\"deadline\")) {"
      },
      {
        "lineNumber": 99,
        "author": {
          "gitId": "zarifahz"
        },
        "content": ""
      },
      {
        "lineNumber": 100,
        "author": {
          "gitId": "zarifahz"
        },
        "content": "                    int separator \u003d line.indexOf(\"/\");"
      },
      {
        "lineNumber": 101,
        "author": {
          "gitId": "zarifahz"
        },
        "content": ""
      },
      {
        "lineNumber": 102,
        "author": {
          "gitId": "zarifahz"
        },
        "content": "                    String dateAndTime \u003d line.substring(separator + 4);"
      },
      {
        "lineNumber": 103,
        "author": {
          "gitId": "zarifahz"
        },
        "content": "                    DateTimeFormatter format \u003d DateTimeFormatter.ofPattern(\"dd/MM/yyyy HHmm\");"
      },
      {
        "lineNumber": 104,
        "author": {
          "gitId": "zarifahz"
        },
        "content": "                    LocalDateTime dateTime \u003d LocalDateTime.parse(dateAndTime, format);"
      },
      {
        "lineNumber": 105,
        "author": {
          "gitId": "zarifahz"
        },
        "content": "                    tasks.add(new Deadline(line.substring(9, separator - 1), dateTime));"
      },
      {
        "lineNumber": 106,
        "author": {
          "gitId": "zarifahz"
        },
        "content": ""
      },
      {
        "lineNumber": 107,
        "author": {
          "gitId": "zarifahz"
        },
        "content": ""
      },
      {
        "lineNumber": 108,
        "author": {
          "gitId": "zarifahz"
        },
        "content": "                    System.out.println(\"Got it. I\u0027ve added this task:\");"
      },
      {
        "lineNumber": 109,
        "author": {
          "gitId": "zarifahz"
        },
        "content": "                    System.out.println(tasks.get(tasks.size() - 1).toString());"
      },
      {
        "lineNumber": 110,
        "author": {
          "gitId": "zarifahz"
        },
        "content": "                    System.out.println(\"Now you have \" + (tasks.size()) + \" tasks in the list.\");"
      },
      {
        "lineNumber": 111,
        "author": {
          "gitId": "zarifahz"
        },
        "content": "                    pointer++;"
      },
      {
        "lineNumber": 112,
        "author": {
          "gitId": "zarifahz"
        },
        "content": ""
      },
      {
        "lineNumber": 113,
        "author": {
          "gitId": "zarifahz"
        },
        "content": ""
      },
      {
        "lineNumber": 114,
        "author": {
          "gitId": "zarifahz"
        },
        "content": "                } else {"
      },
      {
        "lineNumber": 115,
        "author": {
          "gitId": "zarifahz"
        },
        "content": ""
      },
      {
        "lineNumber": 116,
        "author": {
          "gitId": "zarifahz"
        },
        "content": "                    System.out.println(\"   added: \" + line); //add to the list"
      },
      {
        "lineNumber": 117,
        "author": {
          "gitId": "zarifahz"
        },
        "content": "                    Task newtask \u003d new Task(line);"
      },
      {
        "lineNumber": 118,
        "author": {
          "gitId": "zarifahz"
        },
        "content": "                    newtask.description \u003d line;"
      },
      {
        "lineNumber": 119,
        "author": {
          "gitId": "zarifahz"
        },
        "content": "                    //tasks.get(pointer) \u003d newtask;"
      },
      {
        "lineNumber": 120,
        "author": {
          "gitId": "zarifahz"
        },
        "content": "                    pointer++;"
      },
      {
        "lineNumber": 121,
        "author": {
          "gitId": "zarifahz"
        },
        "content": ""
      },
      {
        "lineNumber": 122,
        "author": {
          "gitId": "zarifahz"
        },
        "content": "                }"
      },
      {
        "lineNumber": 123,
        "author": {
          "gitId": "zarifahz"
        },
        "content": ""
      },
      {
        "lineNumber": 124,
        "author": {
          "gitId": "zarifahz"
        },
        "content": ""
      },
      {
        "lineNumber": 125,
        "author": {
          "gitId": "zarifahz"
        },
        "content": "            } catch (StringIndexOutOfBoundsException e) {"
      },
      {
        "lineNumber": 126,
        "author": {
          "gitId": "zarifahz"
        },
        "content": "                System.out.println(\"☹ OOPS!!! The description of a todo cannot be empty.\");"
      },
      {
        "lineNumber": 127,
        "author": {
          "gitId": "zarifahz"
        },
        "content": ""
      },
      {
        "lineNumber": 128,
        "author": {
          "gitId": "zarifahz"
        },
        "content": "            } catch (DateTimeParseException ex) {"
      },
      {
        "lineNumber": 129,
        "author": {
          "gitId": "zarifahz"
        },
        "content": "                System.out.println(\"Invalid date and time format\\n\""
      },
      {
        "lineNumber": 130,
        "author": {
          "gitId": "zarifahz"
        },
        "content": "                        + \"Please enter date and time as \u0027dd/MM/yyyy HHmm\u0027\");"
      },
      {
        "lineNumber": 131,
        "author": {
          "gitId": "zarifahz"
        },
        "content": "            }"
      },
      {
        "lineNumber": 132,
        "author": {
          "gitId": "zarifahz"
        },
        "content": "        }"
      },
      {
        "lineNumber": 133,
        "author": {
          "gitId": "zarifahz"
        },
        "content": "    }"
      },
      {
        "lineNumber": 134,
        "author": {
          "gitId": "zarifahz"
        },
        "content": ""
      },
      {
        "lineNumber": 135,
        "author": {
          "gitId": "-"
        },
        "content": "    public static void main(String[] args) {"
      },
      {
        "lineNumber": 136,
        "author": {
          "gitId": "-"
        },
        "content": "        String logo \u003d \" ____        _        \\n\""
      },
      {
        "lineNumber": 137,
        "author": {
          "gitId": "-"
        },
        "content": "                + \"|  _ \\\\ _   _| | _____ \\n\""
      },
      {
        "lineNumber": 138,
        "author": {
          "gitId": "-"
        },
        "content": "                + \"| | | | | | | |/ / _ \\\\\\n\""
      },
      {
        "lineNumber": 139,
        "author": {
          "gitId": "-"
        },
        "content": "                + \"| |_| | |_| |   \u003c  __/\\n\""
      },
      {
        "lineNumber": 140,
        "author": {
          "gitId": "-"
        },
        "content": "                + \"|____/ \\\\__,_|_|\\\\_\\\\___|\\n\";"
      },
      {
        "lineNumber": 141,
        "author": {
          "gitId": "-"
        },
        "content": "        System.out.println(\"Hello from\\n\" + logo);"
      },
      {
        "lineNumber": 142,
        "author": {
          "gitId": "zarifahz"
        },
        "content": "        //System.out.print(\"Hello! I\u0027m Duke\\n\" + \"What can I do for you?\\n\");"
      },
      {
        "lineNumber": 143,
        "author": {
          "gitId": "zarifahz"
        },
        "content": ""
      },
      {
        "lineNumber": 144,
        "author": {
          "gitId": "zarifahz"
        },
        "content": "        greet();"
      },
      {
        "lineNumber": 145,
        "author": {
          "gitId": "zarifahz"
        },
        "content": "        printLine();"
      },
      {
        "lineNumber": 146,
        "author": {
          "gitId": "zarifahz"
        },
        "content": "        command();"
      },
      {
        "lineNumber": 147,
        "author": {
          "gitId": "zarifahz"
        },
        "content": ""
      },
      {
        "lineNumber": 148,
        "author": {
          "gitId": "-"
        },
        "content": "    }"
      },
      {
        "lineNumber": 149,
        "author": {
          "gitId": "-"
        },
        "content": "}"
      }
    ],
    "authorContributionMap": {
      "zarifahz": 139,
      "-": 10
    }
  },
  {
    "path": "src/main/java/DukeException.java",
    "fileType": "java",
    "lines": [
      {
        "lineNumber": 1,
        "author": {
          "gitId": "zarifahz"
        },
        "content": "public class DukeException extends Exception {"
      },
      {
        "lineNumber": 2,
        "author": {
          "gitId": "zarifahz"
        },
        "content": ""
      },
      {
        "lineNumber": 3,
        "author": {
          "gitId": "zarifahz"
        },
        "content": "    public DukeException(String message) {"
      },
      {
        "lineNumber": 4,
        "author": {
          "gitId": "zarifahz"
        },
        "content": "        super(message);"
      },
      {
        "lineNumber": 5,
        "author": {
          "gitId": "zarifahz"
        },
        "content": "    }"
      },
      {
        "lineNumber": 6,
        "author": {
          "gitId": "zarifahz"
        },
        "content": ""
      },
      {
        "lineNumber": 7,
        "author": {
          "gitId": "zarifahz"
        },
        "content": "}"
      }
    ],
    "authorContributionMap": {
      "zarifahz": 7
    }
  },
  {
    "path": "src/main/java/Event.java",
    "fileType": "java",
    "lines": [
      {
        "lineNumber": 1,
        "author": {
          "gitId": "zarifahz"
        },
        "content": "import java.time.LocalDateTime;"
      },
      {
        "lineNumber": 2,
        "author": {
          "gitId": "zarifahz"
        },
        "content": "import java.time.format.TextStyle;"
      },
      {
        "lineNumber": 3,
        "author": {
          "gitId": "zarifahz"
        },
        "content": "import java.util.Locale;"
      },
      {
        "lineNumber": 4,
        "author": {
          "gitId": "zarifahz"
        },
        "content": ""
      },
      {
        "lineNumber": 5,
        "author": {
          "gitId": "zarifahz"
        },
        "content": "public class Event extends Task {"
      },
      {
        "lineNumber": 6,
        "author": {
          "gitId": "zarifahz"
        },
        "content": ""
      },
      {
        "lineNumber": 7,
        "author": {
          "gitId": "zarifahz"
        },
        "content": "    protected LocalDateTime time;"
      },
      {
        "lineNumber": 8,
        "author": {
          "gitId": "zarifahz"
        },
        "content": ""
      },
      {
        "lineNumber": 9,
        "author": {
          "gitId": "zarifahz"
        },
        "content": "    public Event(String description, LocalDateTime time) {"
      },
      {
        "lineNumber": 10,
        "author": {
          "gitId": "zarifahz"
        },
        "content": "        super(description);"
      },
      {
        "lineNumber": 11,
        "author": {
          "gitId": "zarifahz"
        },
        "content": "        this.time \u003d time;"
      },
      {
        "lineNumber": 12,
        "author": {
          "gitId": "zarifahz"
        },
        "content": "    }"
      },
      {
        "lineNumber": 13,
        "author": {
          "gitId": "zarifahz"
        },
        "content": "    private String generateDateAndTimeString() {"
      },
      {
        "lineNumber": 14,
        "author": {
          "gitId": "zarifahz"
        },
        "content": "        String dateAndTime \u003d \"\" + time.getDayOfMonth();"
      },
      {
        "lineNumber": 15,
        "author": {
          "gitId": "zarifahz"
        },
        "content": "        int day \u003d time.getDayOfMonth();"
      },
      {
        "lineNumber": 16,
        "author": {
          "gitId": "zarifahz"
        },
        "content": ""
      },
      {
        "lineNumber": 17,
        "author": {
          "gitId": "zarifahz"
        },
        "content": "        if (day \u003d\u003d 1 || day \u003d\u003d 21 || day \u003d\u003d 31) {"
      },
      {
        "lineNumber": 18,
        "author": {
          "gitId": "zarifahz"
        },
        "content": "            dateAndTime +\u003d \"st\";"
      },
      {
        "lineNumber": 19,
        "author": {
          "gitId": "zarifahz"
        },
        "content": "        } else if (day \u003d\u003d 2 || day \u003d\u003d 22) {"
      },
      {
        "lineNumber": 20,
        "author": {
          "gitId": "zarifahz"
        },
        "content": "            dateAndTime +\u003d \"nd\";"
      },
      {
        "lineNumber": 21,
        "author": {
          "gitId": "zarifahz"
        },
        "content": "        } else if (day \u003d\u003d 3 || day \u003d\u003d 23) {"
      },
      {
        "lineNumber": 22,
        "author": {
          "gitId": "zarifahz"
        },
        "content": "            dateAndTime +\u003d \"rd\";"
      },
      {
        "lineNumber": 23,
        "author": {
          "gitId": "zarifahz"
        },
        "content": "        } else {"
      },
      {
        "lineNumber": 24,
        "author": {
          "gitId": "zarifahz"
        },
        "content": "            dateAndTime +\u003d \"th\";"
      },
      {
        "lineNumber": 25,
        "author": {
          "gitId": "zarifahz"
        },
        "content": "        }"
      },
      {
        "lineNumber": 26,
        "author": {
          "gitId": "zarifahz"
        },
        "content": ""
      },
      {
        "lineNumber": 27,
        "author": {
          "gitId": "zarifahz"
        },
        "content": "        dateAndTime +\u003d \" of \" + time.getMonth().getDisplayName(TextStyle.FULL, Locale.ENGLISH)"
      },
      {
        "lineNumber": 28,
        "author": {
          "gitId": "zarifahz"
        },
        "content": "                + \" \" + time.getYear() + \", \";"
      },
      {
        "lineNumber": 29,
        "author": {
          "gitId": "zarifahz"
        },
        "content": ""
      },
      {
        "lineNumber": 30,
        "author": {
          "gitId": "zarifahz"
        },
        "content": "        if (time.getHour() \u003e 12) {"
      },
      {
        "lineNumber": 31,
        "author": {
          "gitId": "zarifahz"
        },
        "content": "            dateAndTime +\u003d (time.getHour() % 12) + \"\""
      },
      {
        "lineNumber": 32,
        "author": {
          "gitId": "zarifahz"
        },
        "content": "                    + (time.getMinute() \u003d\u003d 0 ? \"\" : \".\" + (time.getMinute() \u003c 10 ? \"0\" : \"\")"
      },
      {
        "lineNumber": 33,
        "author": {
          "gitId": "zarifahz"
        },
        "content": "                    + time.getMinute()) + \"pm\";"
      },
      {
        "lineNumber": 34,
        "author": {
          "gitId": "zarifahz"
        },
        "content": "        } else if (time.getHour() \u003d\u003d 12) {"
      },
      {
        "lineNumber": 35,
        "author": {
          "gitId": "zarifahz"
        },
        "content": "            dateAndTime +\u003d time.getHour() + \"\""
      },
      {
        "lineNumber": 36,
        "author": {
          "gitId": "zarifahz"
        },
        "content": "                    + (time.getMinute() \u003d\u003d 0 ? \"\" : \".\" + (time.getMinute() \u003c 10 ? \"0\" : \"\")"
      },
      {
        "lineNumber": 37,
        "author": {
          "gitId": "zarifahz"
        },
        "content": "                    + time.getMinute()) + \"pm\";"
      },
      {
        "lineNumber": 38,
        "author": {
          "gitId": "zarifahz"
        },
        "content": "        } else if (time.getHour() \u003d\u003d 0) {"
      },
      {
        "lineNumber": 39,
        "author": {
          "gitId": "zarifahz"
        },
        "content": "            dateAndTime +\u003d 12 + \"\""
      },
      {
        "lineNumber": 40,
        "author": {
          "gitId": "zarifahz"
        },
        "content": "                    + (time.getMinute() \u003d\u003d 0 ? \"\" : \".\" + (time.getMinute() \u003c 10 ? \"0\" : \"\")"
      },
      {
        "lineNumber": 41,
        "author": {
          "gitId": "zarifahz"
        },
        "content": "                    + time.getMinute()) + \"am\";"
      },
      {
        "lineNumber": 42,
        "author": {
          "gitId": "zarifahz"
        },
        "content": "        } else {"
      },
      {
        "lineNumber": 43,
        "author": {
          "gitId": "zarifahz"
        },
        "content": "            dateAndTime +\u003d time.getHour() + \"\""
      },
      {
        "lineNumber": 44,
        "author": {
          "gitId": "zarifahz"
        },
        "content": "                    + (time.getMinute() \u003d\u003d 0 ? \"\" : \".\" + (time.getMinute() \u003c 10 ? \"0\" : \"\") + time.getMinute()) + \"am\";"
      },
      {
        "lineNumber": 45,
        "author": {
          "gitId": "zarifahz"
        },
        "content": "        }"
      },
      {
        "lineNumber": 46,
        "author": {
          "gitId": "zarifahz"
        },
        "content": ""
      },
      {
        "lineNumber": 47,
        "author": {
          "gitId": "zarifahz"
        },
        "content": "        return dateAndTime;"
      },
      {
        "lineNumber": 48,
        "author": {
          "gitId": "zarifahz"
        },
        "content": "    }"
      },
      {
        "lineNumber": 49,
        "author": {
          "gitId": "zarifahz"
        },
        "content": ""
      },
      {
        "lineNumber": 50,
        "author": {
          "gitId": "zarifahz"
        },
        "content": "    @Override"
      },
      {
        "lineNumber": 51,
        "author": {
          "gitId": "zarifahz"
        },
        "content": "    public String toString() {"
      },
      {
        "lineNumber": 52,
        "author": {
          "gitId": "zarifahz"
        },
        "content": "        return ( \"[E]\" + super.toString() + \" (at: \" + generateDateAndTimeString() + \")\");"
      },
      {
        "lineNumber": 53,
        "author": {
          "gitId": "zarifahz"
        },
        "content": "    }"
      },
      {
        "lineNumber": 54,
        "author": {
          "gitId": "zarifahz"
        },
        "content": ""
      },
      {
        "lineNumber": 55,
        "author": {
          "gitId": "zarifahz"
        },
        "content": "}"
      }
    ],
    "authorContributionMap": {
      "zarifahz": 55
    }
  },
  {
    "path": "src/main/java/Task.java",
    "fileType": "java",
    "lines": [
      {
        "lineNumber": 1,
        "author": {
          "gitId": "zarifahz"
        },
        "content": "public class Task {"
      },
      {
        "lineNumber": 2,
        "author": {
          "gitId": "zarifahz"
        },
        "content": ""
      },
      {
        "lineNumber": 3,
        "author": {
          "gitId": "zarifahz"
        },
        "content": "    protected String description;"
      },
      {
        "lineNumber": 4,
        "author": {
          "gitId": "zarifahz"
        },
        "content": "    protected boolean isdone;"
      },
      {
        "lineNumber": 5,
        "author": {
          "gitId": "zarifahz"
        },
        "content": ""
      },
      {
        "lineNumber": 6,
        "author": {
          "gitId": "zarifahz"
        },
        "content": "    public Task(String description) {"
      },
      {
        "lineNumber": 7,
        "author": {
          "gitId": "zarifahz"
        },
        "content": "        this.description \u003d description;"
      },
      {
        "lineNumber": 8,
        "author": {
          "gitId": "zarifahz"
        },
        "content": "        this.isdone \u003d false;"
      },
      {
        "lineNumber": 9,
        "author": {
          "gitId": "zarifahz"
        },
        "content": "    }"
      },
      {
        "lineNumber": 10,
        "author": {
          "gitId": "zarifahz"
        },
        "content": ""
      },
      {
        "lineNumber": 11,
        "author": {
          "gitId": "zarifahz"
        },
        "content": "    public String symbols() {"
      },
      {
        "lineNumber": 12,
        "author": {
          "gitId": "zarifahz"
        },
        "content": "        return (isdone ? \"\\u2713\" : \"\\u2718\"); // tick for yes and x for no"
      },
      {
        "lineNumber": 13,
        "author": {
          "gitId": "zarifahz"
        },
        "content": "    }"
      },
      {
        "lineNumber": 14,
        "author": {
          "gitId": "zarifahz"
        },
        "content": ""
      },
      {
        "lineNumber": 15,
        "author": {
          "gitId": "zarifahz"
        },
        "content": "    public void markDone() { //mark task as done"
      },
      {
        "lineNumber": 16,
        "author": {
          "gitId": "zarifahz"
        },
        "content": "        this.isdone \u003d true;"
      },
      {
        "lineNumber": 17,
        "author": {
          "gitId": "zarifahz"
        },
        "content": "        this.symbols();"
      },
      {
        "lineNumber": 18,
        "author": {
          "gitId": "zarifahz"
        },
        "content": "    }"
      },
      {
        "lineNumber": 19,
        "author": {
          "gitId": "zarifahz"
        },
        "content": ""
      },
      {
        "lineNumber": 20,
        "author": {
          "gitId": "zarifahz"
        },
        "content": "    public String toString() {"
      },
      {
        "lineNumber": 21,
        "author": {
          "gitId": "zarifahz"
        },
        "content": "        return ( \"[\" + this.symbols() + \"]\" + description);"
      },
      {
        "lineNumber": 22,
        "author": {
          "gitId": "zarifahz"
        },
        "content": "    }"
      },
      {
        "lineNumber": 23,
        "author": {
          "gitId": "zarifahz"
        },
        "content": "}"
      }
    ],
    "authorContributionMap": {
      "zarifahz": 23
    }
  },
  {
    "path": "src/main/java/ToDo.java",
    "fileType": "java",
    "lines": [
      {
        "lineNumber": 1,
        "author": {
          "gitId": "zarifahz"
        },
        "content": "public class ToDo extends Task{"
      },
      {
        "lineNumber": 2,
        "author": {
          "gitId": "zarifahz"
        },
        "content": ""
      },
      {
        "lineNumber": 3,
        "author": {
          "gitId": "zarifahz"
        },
        "content": "    public ToDo(String description) { // description of Task description"
      },
      {
        "lineNumber": 4,
        "author": {
          "gitId": "zarifahz"
        },
        "content": "        super(description);"
      },
      {
        "lineNumber": 5,
        "author": {
          "gitId": "zarifahz"
        },
        "content": "    }"
      },
      {
        "lineNumber": 6,
        "author": {
          "gitId": "zarifahz"
        },
        "content": ""
      },
      {
        "lineNumber": 7,
        "author": {
          "gitId": "zarifahz"
        },
        "content": "    @Override"
      },
      {
        "lineNumber": 8,
        "author": {
          "gitId": "zarifahz"
        },
        "content": "    public String toString() {"
      },
      {
        "lineNumber": 9,
        "author": {
          "gitId": "zarifahz"
        },
        "content": "        return ( \"[T]\" + super.toString()); // T acronym \u003d t0d0"
      },
      {
        "lineNumber": 10,
        "author": {
          "gitId": "zarifahz"
        },
        "content": "    }"
      },
      {
        "lineNumber": 11,
        "author": {
          "gitId": "zarifahz"
        },
        "content": "}"
      }
    ],
    "authorContributionMap": {
      "zarifahz": 11
    }
  },
  {
    "path": "src/main/java/UI.java",
    "fileType": "java",
    "lines": [
      {
        "lineNumber": 1,
        "author": {
          "gitId": "zarifahz"
        },
        "content": ""
      }
    ],
    "authorContributionMap": {
      "zarifahz": 1
    }
  }
]
