[
  {
    "path": "src/main/java/Deadline.java",
    "fileType": "java",
    "lines": [
      {
        "lineNumber": 1,
        "author": {
          "gitId": "zarifahz"
        },
        "content": "public class Deadline extends Task{"
      },
      {
        "lineNumber": 2,
        "author": {
          "gitId": "zarifahz"
        },
        "content": ""
      },
      {
        "lineNumber": 3,
        "author": {
          "gitId": "zarifahz"
        },
        "content": "    protected String timecheck;"
      },
      {
        "lineNumber": 4,
        "author": {
          "gitId": "zarifahz"
        },
        "content": ""
      },
      {
        "lineNumber": 5,
        "author": {
          "gitId": "zarifahz"
        },
        "content": "    public Deadline (String description, String timecheck) {"
      },
      {
        "lineNumber": 6,
        "author": {
          "gitId": "zarifahz"
        },
        "content": "        super(description);"
      },
      {
        "lineNumber": 7,
        "author": {
          "gitId": "zarifahz"
        },
        "content": "        this.timecheck \u003d timecheck;"
      },
      {
        "lineNumber": 8,
        "author": {
          "gitId": "zarifahz"
        },
        "content": "    }"
      },
      {
        "lineNumber": 9,
        "author": {
          "gitId": "zarifahz"
        },
        "content": ""
      },
      {
        "lineNumber": 10,
        "author": {
          "gitId": "zarifahz"
        },
        "content": "    @Override"
      },
      {
        "lineNumber": 11,
        "author": {
          "gitId": "zarifahz"
        },
        "content": "    public String toString(){"
      },
      {
        "lineNumber": 12,
        "author": {
          "gitId": "zarifahz"
        },
        "content": "        return ( \"[D]\" + super.toString() + \" (by: \" + timecheck + \")\");"
      },
      {
        "lineNumber": 13,
        "author": {
          "gitId": "zarifahz"
        },
        "content": "    }"
      },
      {
        "lineNumber": 14,
        "author": {
          "gitId": "zarifahz"
        },
        "content": ""
      },
      {
        "lineNumber": 15,
        "author": {
          "gitId": "zarifahz"
        },
        "content": "}"
      }
    ],
    "authorContributionMap": {
      "zarifahz": 15
    }
  },
  {
    "path": "src/main/java/Duke.java",
    "fileType": "java",
    "lines": [
      {
        "lineNumber": 1,
        "author": {
          "gitId": "zarifahz"
        },
        "content": "import java.util.ArrayList;"
      },
      {
        "lineNumber": 2,
        "author": {
          "gitId": "zarifahz"
        },
        "content": "import java.util.Scanner;"
      },
      {
        "lineNumber": 3,
        "author": {
          "gitId": "zarifahz"
        },
        "content": ""
      },
      {
        "lineNumber": 4,
        "author": {
          "gitId": "zarifahz"
        },
        "content": ""
      },
      {
        "lineNumber": 5,
        "author": {
          "gitId": "-"
        },
        "content": "public class Duke {"
      },
      {
        "lineNumber": 6,
        "author": {
          "gitId": "zarifahz"
        },
        "content": ""
      },
      {
        "lineNumber": 7,
        "author": {
          "gitId": "zarifahz"
        },
        "content": "    public static void greet() {"
      },
      {
        "lineNumber": 8,
        "author": {
          "gitId": "zarifahz"
        },
        "content": "        System.out.print(\"Hello! I\u0027m Duke\\n\" + \"What can I do for you?\\n\");"
      },
      {
        "lineNumber": 9,
        "author": {
          "gitId": "zarifahz"
        },
        "content": "    }"
      },
      {
        "lineNumber": 10,
        "author": {
          "gitId": "zarifahz"
        },
        "content": ""
      },
      {
        "lineNumber": 11,
        "author": {
          "gitId": "zarifahz"
        },
        "content": "    public static void printLine() {"
      },
      {
        "lineNumber": 12,
        "author": {
          "gitId": "zarifahz"
        },
        "content": "        System.out.println(\"    ____________________________________________________________\");"
      },
      {
        "lineNumber": 13,
        "author": {
          "gitId": "zarifahz"
        },
        "content": "    }"
      },
      {
        "lineNumber": 14,
        "author": {
          "gitId": "zarifahz"
        },
        "content": ""
      },
      {
        "lineNumber": 15,
        "author": {
          "gitId": "zarifahz"
        },
        "content": "    public static void bye() {"
      },
      {
        "lineNumber": 16,
        "author": {
          "gitId": "zarifahz"
        },
        "content": "        System.out.println(\"   Bye. Hope to see you again soon!\");"
      },
      {
        "lineNumber": 17,
        "author": {
          "gitId": "zarifahz"
        },
        "content": "    }"
      },
      {
        "lineNumber": 18,
        "author": {
          "gitId": "zarifahz"
        },
        "content": ""
      },
      {
        "lineNumber": 19,
        "author": {
          "gitId": "zarifahz"
        },
        "content": "    public static void command() {"
      },
      {
        "lineNumber": 20,
        "author": {
          "gitId": "zarifahz"
        },
        "content": ""
      },
      {
        "lineNumber": 21,
        "author": {
          "gitId": "zarifahz"
        },
        "content": "        String[] list \u003d new String[10]; // create list!"
      },
      {
        "lineNumber": 22,
        "author": {
          "gitId": "zarifahz"
        },
        "content": "        ArrayList\u003cTask\u003e tasks \u003d new ArrayList\u003cTask\u003e(); //change to Array"
      },
      {
        "lineNumber": 23,
        "author": {
          "gitId": "zarifahz"
        },
        "content": "        int pointer \u003d 0;"
      },
      {
        "lineNumber": 24,
        "author": {
          "gitId": "zarifahz"
        },
        "content": ""
      },
      {
        "lineNumber": 25,
        "author": {
          "gitId": "zarifahz"
        },
        "content": "        Scanner in \u003d new Scanner(System.in);"
      },
      {
        "lineNumber": 26,
        "author": {
          "gitId": "zarifahz"
        },
        "content": "        String line;"
      },
      {
        "lineNumber": 27,
        "author": {
          "gitId": "zarifahz"
        },
        "content": "        //printLine();"
      },
      {
        "lineNumber": 28,
        "author": {
          "gitId": "zarifahz"
        },
        "content": "        String endconvo \u003d \"bye\";"
      },
      {
        "lineNumber": 29,
        "author": {
          "gitId": "zarifahz"
        },
        "content": ""
      },
      {
        "lineNumber": 30,
        "author": {
          "gitId": "zarifahz"
        },
        "content": ""
      },
      {
        "lineNumber": 31,
        "author": {
          "gitId": "zarifahz"
        },
        "content": "        while (true) {"
      },
      {
        "lineNumber": 32,
        "author": {
          "gitId": "zarifahz"
        },
        "content": ""
      },
      {
        "lineNumber": 33,
        "author": {
          "gitId": "zarifahz"
        },
        "content": "            try {"
      },
      {
        "lineNumber": 34,
        "author": {
          "gitId": "zarifahz"
        },
        "content": ""
      },
      {
        "lineNumber": 35,
        "author": {
          "gitId": "zarifahz"
        },
        "content": "                line \u003d in.nextLine();"
      },
      {
        "lineNumber": 36,
        "author": {
          "gitId": "zarifahz"
        },
        "content": "                if (line.equals(endconvo)) { //if user enter bye"
      },
      {
        "lineNumber": 37,
        "author": {
          "gitId": "zarifahz"
        },
        "content": "                    bye();"
      },
      {
        "lineNumber": 38,
        "author": {
          "gitId": "zarifahz"
        },
        "content": "                    printLine();"
      },
      {
        "lineNumber": 39,
        "author": {
          "gitId": "zarifahz"
        },
        "content": "                    return;"
      },
      {
        "lineNumber": 40,
        "author": {
          "gitId": "zarifahz"
        },
        "content": ""
      },
      {
        "lineNumber": 41,
        "author": {
          "gitId": "zarifahz"
        },
        "content": "                } else if (line.equals(\"list\")) {  //number of list"
      },
      {
        "lineNumber": 42,
        "author": {
          "gitId": "zarifahz"
        },
        "content": ""
      },
      {
        "lineNumber": 43,
        "author": {
          "gitId": "zarifahz"
        },
        "content": "                    System.out.println(\"   Here are the tasks in your lists: \");"
      },
      {
        "lineNumber": 44,
        "author": {
          "gitId": "zarifahz"
        },
        "content": "                    for (int i \u003d 0; i \u003c tasks.size(); i++) {"
      },
      {
        "lineNumber": 45,
        "author": {
          "gitId": "zarifahz"
        },
        "content": "                        System.out.println(i + 1 + \". \" + tasks.get(i).toString()); //shows tasklist"
      },
      {
        "lineNumber": 46,
        "author": {
          "gitId": "zarifahz"
        },
        "content": ""
      },
      {
        "lineNumber": 47,
        "author": {
          "gitId": "zarifahz"
        },
        "content": "                    }//printLine();"
      },
      {
        "lineNumber": 48,
        "author": {
          "gitId": "zarifahz"
        },
        "content": ""
      },
      {
        "lineNumber": 49,
        "author": {
          "gitId": "zarifahz"
        },
        "content": "                } else if (line.contains(\"done\")) {"
      },
      {
        "lineNumber": 50,
        "author": {
          "gitId": "zarifahz"
        },
        "content": ""
      },
      {
        "lineNumber": 51,
        "author": {
          "gitId": "zarifahz"
        },
        "content": "                    int j \u003d Integer.parseInt(line.substring(5)) - 1; //refer to which list is done and mark it"
      },
      {
        "lineNumber": 52,
        "author": {
          "gitId": "zarifahz"
        },
        "content": "                    Task currenttask \u003d tasks.get(j);"
      },
      {
        "lineNumber": 53,
        "author": {
          "gitId": "zarifahz"
        },
        "content": "                    currenttask.markDone();"
      },
      {
        "lineNumber": 54,
        "author": {
          "gitId": "zarifahz"
        },
        "content": "                    System.out.println(\"   Nice! I\u0027ve marked this task as done:\\n \" + currenttask.toString());"
      },
      {
        "lineNumber": 55,
        "author": {
          "gitId": "zarifahz"
        },
        "content": ""
      },
      {
        "lineNumber": 56,
        "author": {
          "gitId": "zarifahz"
        },
        "content": "                } else if (line.contains(\"delete\")) {"
      },
      {
        "lineNumber": 57,
        "author": {
          "gitId": "zarifahz"
        },
        "content": ""
      },
      {
        "lineNumber": 58,
        "author": {
          "gitId": "zarifahz"
        },
        "content": "                    int delete \u003d Integer.parseInt(line.substring(7)) - 1; //delete"
      },
      {
        "lineNumber": 59,
        "author": {
          "gitId": "zarifahz"
        },
        "content": "                    Task currenttask \u003d tasks.get(delete);"
      },
      {
        "lineNumber": 60,
        "author": {
          "gitId": "zarifahz"
        },
        "content": "                    tasks.remove(delete);"
      },
      {
        "lineNumber": 61,
        "author": {
          "gitId": "zarifahz"
        },
        "content": ""
      },
      {
        "lineNumber": 62,
        "author": {
          "gitId": "zarifahz"
        },
        "content": "                    System.out.println(\"   Noted. I\u0027ve removed this task:\\n \" + currenttask.toString());"
      },
      {
        "lineNumber": 63,
        "author": {
          "gitId": "zarifahz"
        },
        "content": "                    System.out.println(\"   Now you have \" + (tasks.size()) + \" tasks in the list.\");"
      },
      {
        "lineNumber": 64,
        "author": {
          "gitId": "zarifahz"
        },
        "content": "                    pointer++;"
      },
      {
        "lineNumber": 65,
        "author": {
          "gitId": "zarifahz"
        },
        "content": ""
      },
      {
        "lineNumber": 66,
        "author": {
          "gitId": "zarifahz"
        },
        "content": "                } else if (line.contains(\"todo\")) { //try to combine all three classes"
      },
      {
        "lineNumber": 67,
        "author": {
          "gitId": "zarifahz"
        },
        "content": ""
      },
      {
        "lineNumber": 68,
        "author": {
          "gitId": "zarifahz"
        },
        "content": "                    tasks.add(new ToDo(line.substring(5)));"
      },
      {
        "lineNumber": 69,
        "author": {
          "gitId": "zarifahz"
        },
        "content": ""
      },
      {
        "lineNumber": 70,
        "author": {
          "gitId": "zarifahz"
        },
        "content": "                    System.out.println(\"Got it. I\u0027ve added this task:\");"
      },
      {
        "lineNumber": 71,
        "author": {
          "gitId": "zarifahz"
        },
        "content": "                    System.out.println(tasks.get(tasks.size() - 1).toString());"
      },
      {
        "lineNumber": 72,
        "author": {
          "gitId": "zarifahz"
        },
        "content": "                    System.out.println(\"Now you have \" + (tasks.size()) + \" tasks in the list.\");"
      },
      {
        "lineNumber": 73,
        "author": {
          "gitId": "zarifahz"
        },
        "content": "                    pointer++;"
      },
      {
        "lineNumber": 74,
        "author": {
          "gitId": "zarifahz"
        },
        "content": "                    //System.out.println(\"added: \" + line);"
      },
      {
        "lineNumber": 75,
        "author": {
          "gitId": "zarifahz"
        },
        "content": ""
      },
      {
        "lineNumber": 76,
        "author": {
          "gitId": "zarifahz"
        },
        "content": "                } else if (line.contains(\"event\")) {"
      },
      {
        "lineNumber": 77,
        "author": {
          "gitId": "zarifahz"
        },
        "content": ""
      },
      {
        "lineNumber": 78,
        "author": {
          "gitId": "zarifahz"
        },
        "content": "                    int separator \u003d line.indexOf(\u0027/\u0027);"
      },
      {
        "lineNumber": 79,
        "author": {
          "gitId": "zarifahz"
        },
        "content": "                    tasks.add(new Event(line.substring(6, separator - 1), line.substring(separator + 4)));"
      },
      {
        "lineNumber": 80,
        "author": {
          "gitId": "zarifahz"
        },
        "content": ""
      },
      {
        "lineNumber": 81,
        "author": {
          "gitId": "zarifahz"
        },
        "content": "                    System.out.println(\"Got it. I\u0027ve added this task:\");"
      },
      {
        "lineNumber": 82,
        "author": {
          "gitId": "zarifahz"
        },
        "content": "                    System.out.println(tasks.get(tasks.size() - 1).toString());"
      },
      {
        "lineNumber": 83,
        "author": {
          "gitId": "zarifahz"
        },
        "content": "                    System.out.println(\"Now you have \" + (tasks.size()) + \" tasks in the list.\");"
      },
      {
        "lineNumber": 84,
        "author": {
          "gitId": "zarifahz"
        },
        "content": "                    pointer++;"
      },
      {
        "lineNumber": 85,
        "author": {
          "gitId": "zarifahz"
        },
        "content": ""
      },
      {
        "lineNumber": 86,
        "author": {
          "gitId": "zarifahz"
        },
        "content": ""
      },
      {
        "lineNumber": 87,
        "author": {
          "gitId": "zarifahz"
        },
        "content": "                } else if (line.contains(\"deadline\")) {"
      },
      {
        "lineNumber": 88,
        "author": {
          "gitId": "zarifahz"
        },
        "content": ""
      },
      {
        "lineNumber": 89,
        "author": {
          "gitId": "zarifahz"
        },
        "content": "                    int separator \u003d line.indexOf(\"/\");"
      },
      {
        "lineNumber": 90,
        "author": {
          "gitId": "zarifahz"
        },
        "content": "                    tasks.add(new Deadline(line.substring(9, separator - 1), line.substring(separator + 4)));"
      },
      {
        "lineNumber": 91,
        "author": {
          "gitId": "zarifahz"
        },
        "content": ""
      },
      {
        "lineNumber": 92,
        "author": {
          "gitId": "zarifahz"
        },
        "content": "                    System.out.println(\"Got it. I\u0027ve added this task:\");"
      },
      {
        "lineNumber": 93,
        "author": {
          "gitId": "zarifahz"
        },
        "content": "                    System.out.println(tasks.get(tasks.size() - 1).toString());"
      },
      {
        "lineNumber": 94,
        "author": {
          "gitId": "zarifahz"
        },
        "content": "                    System.out.println(\"Now you have \" + (tasks.size()) + \" tasks in the list.\");"
      },
      {
        "lineNumber": 95,
        "author": {
          "gitId": "zarifahz"
        },
        "content": "                    pointer++;"
      },
      {
        "lineNumber": 96,
        "author": {
          "gitId": "zarifahz"
        },
        "content": ""
      },
      {
        "lineNumber": 97,
        "author": {
          "gitId": "zarifahz"
        },
        "content": ""
      },
      {
        "lineNumber": 98,
        "author": {
          "gitId": "zarifahz"
        },
        "content": "                } else {"
      },
      {
        "lineNumber": 99,
        "author": {
          "gitId": "zarifahz"
        },
        "content": ""
      },
      {
        "lineNumber": 100,
        "author": {
          "gitId": "zarifahz"
        },
        "content": "                    System.out.println(\"   added: \" + line); //add to the list"
      },
      {
        "lineNumber": 101,
        "author": {
          "gitId": "zarifahz"
        },
        "content": "                    Task newtask \u003d new Task(line);"
      },
      {
        "lineNumber": 102,
        "author": {
          "gitId": "zarifahz"
        },
        "content": "                    newtask.description \u003d line;"
      },
      {
        "lineNumber": 103,
        "author": {
          "gitId": "zarifahz"
        },
        "content": "                    //tasks.get(pointer) \u003d newtask;"
      },
      {
        "lineNumber": 104,
        "author": {
          "gitId": "zarifahz"
        },
        "content": "                    pointer++;"
      },
      {
        "lineNumber": 105,
        "author": {
          "gitId": "zarifahz"
        },
        "content": ""
      },
      {
        "lineNumber": 106,
        "author": {
          "gitId": "zarifahz"
        },
        "content": "                }"
      },
      {
        "lineNumber": 107,
        "author": {
          "gitId": "zarifahz"
        },
        "content": ""
      },
      {
        "lineNumber": 108,
        "author": {
          "gitId": "zarifahz"
        },
        "content": ""
      },
      {
        "lineNumber": 109,
        "author": {
          "gitId": "zarifahz"
        },
        "content": "            } catch (StringIndexOutOfBoundsException e) {"
      },
      {
        "lineNumber": 110,
        "author": {
          "gitId": "zarifahz"
        },
        "content": "                System.out.println(\"☹ OOPS!!! The description of a todo cannot be empty.\");"
      },
      {
        "lineNumber": 111,
        "author": {
          "gitId": "zarifahz"
        },
        "content": ""
      },
      {
        "lineNumber": 112,
        "author": {
          "gitId": "zarifahz"
        },
        "content": ""
      },
      {
        "lineNumber": 113,
        "author": {
          "gitId": "zarifahz"
        },
        "content": "            }"
      },
      {
        "lineNumber": 114,
        "author": {
          "gitId": "zarifahz"
        },
        "content": "        }"
      },
      {
        "lineNumber": 115,
        "author": {
          "gitId": "zarifahz"
        },
        "content": "    }"
      },
      {
        "lineNumber": 116,
        "author": {
          "gitId": "zarifahz"
        },
        "content": ""
      },
      {
        "lineNumber": 117,
        "author": {
          "gitId": "-"
        },
        "content": "    public static void main(String[] args) {"
      },
      {
        "lineNumber": 118,
        "author": {
          "gitId": "-"
        },
        "content": "        String logo \u003d \" ____        _        \\n\""
      },
      {
        "lineNumber": 119,
        "author": {
          "gitId": "-"
        },
        "content": "                + \"|  _ \\\\ _   _| | _____ \\n\""
      },
      {
        "lineNumber": 120,
        "author": {
          "gitId": "-"
        },
        "content": "                + \"| | | | | | | |/ / _ \\\\\\n\""
      },
      {
        "lineNumber": 121,
        "author": {
          "gitId": "-"
        },
        "content": "                + \"| |_| | |_| |   \u003c  __/\\n\""
      },
      {
        "lineNumber": 122,
        "author": {
          "gitId": "-"
        },
        "content": "                + \"|____/ \\\\__,_|_|\\\\_\\\\___|\\n\";"
      },
      {
        "lineNumber": 123,
        "author": {
          "gitId": "-"
        },
        "content": "        System.out.println(\"Hello from\\n\" + logo);"
      },
      {
        "lineNumber": 124,
        "author": {
          "gitId": "zarifahz"
        },
        "content": "        //System.out.print(\"Hello! I\u0027m Duke\\n\" + \"What can I do for you?\\n\");"
      },
      {
        "lineNumber": 125,
        "author": {
          "gitId": "zarifahz"
        },
        "content": ""
      },
      {
        "lineNumber": 126,
        "author": {
          "gitId": "zarifahz"
        },
        "content": "        greet();"
      },
      {
        "lineNumber": 127,
        "author": {
          "gitId": "zarifahz"
        },
        "content": "        printLine();"
      },
      {
        "lineNumber": 128,
        "author": {
          "gitId": "zarifahz"
        },
        "content": "        command();"
      },
      {
        "lineNumber": 129,
        "author": {
          "gitId": "zarifahz"
        },
        "content": ""
      },
      {
        "lineNumber": 130,
        "author": {
          "gitId": "-"
        },
        "content": "    }"
      },
      {
        "lineNumber": 131,
        "author": {
          "gitId": "-"
        },
        "content": "}"
      }
    ],
    "authorContributionMap": {
      "zarifahz": 121,
      "-": 10
    }
  },
  {
    "path": "src/main/java/DukeException.java",
    "fileType": "java",
    "lines": [
      {
        "lineNumber": 1,
        "author": {
          "gitId": "zarifahz"
        },
        "content": "public class DukeException extends Exception {"
      },
      {
        "lineNumber": 2,
        "author": {
          "gitId": "zarifahz"
        },
        "content": "    }"
      }
    ],
    "authorContributionMap": {
      "zarifahz": 2
    }
  },
  {
    "path": "src/main/java/Event.java",
    "fileType": "java",
    "lines": [
      {
        "lineNumber": 1,
        "author": {
          "gitId": "zarifahz"
        },
        "content": "public class Event extends Task {"
      },
      {
        "lineNumber": 2,
        "author": {
          "gitId": "zarifahz"
        },
        "content": ""
      },
      {
        "lineNumber": 3,
        "author": {
          "gitId": "zarifahz"
        },
        "content": "    protected String time;"
      },
      {
        "lineNumber": 4,
        "author": {
          "gitId": "zarifahz"
        },
        "content": ""
      },
      {
        "lineNumber": 5,
        "author": {
          "gitId": "zarifahz"
        },
        "content": "    public Event(String description, String time) {"
      },
      {
        "lineNumber": 6,
        "author": {
          "gitId": "zarifahz"
        },
        "content": "        super(description);"
      },
      {
        "lineNumber": 7,
        "author": {
          "gitId": "zarifahz"
        },
        "content": "        this.time \u003d time;"
      },
      {
        "lineNumber": 8,
        "author": {
          "gitId": "zarifahz"
        },
        "content": "    }"
      },
      {
        "lineNumber": 9,
        "author": {
          "gitId": "zarifahz"
        },
        "content": ""
      },
      {
        "lineNumber": 10,
        "author": {
          "gitId": "zarifahz"
        },
        "content": "    @Override"
      },
      {
        "lineNumber": 11,
        "author": {
          "gitId": "zarifahz"
        },
        "content": "    public String toString() {"
      },
      {
        "lineNumber": 12,
        "author": {
          "gitId": "zarifahz"
        },
        "content": "        return ( \"[E]\" + super.toString() + \" (at: \" + time + \")\");"
      },
      {
        "lineNumber": 13,
        "author": {
          "gitId": "zarifahz"
        },
        "content": "    }"
      },
      {
        "lineNumber": 14,
        "author": {
          "gitId": "zarifahz"
        },
        "content": ""
      },
      {
        "lineNumber": 15,
        "author": {
          "gitId": "zarifahz"
        },
        "content": "}"
      }
    ],
    "authorContributionMap": {
      "zarifahz": 15
    }
  },
  {
    "path": "src/main/java/Task.java",
    "fileType": "java",
    "lines": [
      {
        "lineNumber": 1,
        "author": {
          "gitId": "zarifahz"
        },
        "content": "public class Task {"
      },
      {
        "lineNumber": 2,
        "author": {
          "gitId": "zarifahz"
        },
        "content": ""
      },
      {
        "lineNumber": 3,
        "author": {
          "gitId": "zarifahz"
        },
        "content": "    protected String description;"
      },
      {
        "lineNumber": 4,
        "author": {
          "gitId": "zarifahz"
        },
        "content": "    protected boolean isdone;"
      },
      {
        "lineNumber": 5,
        "author": {
          "gitId": "zarifahz"
        },
        "content": ""
      },
      {
        "lineNumber": 6,
        "author": {
          "gitId": "zarifahz"
        },
        "content": "    public Task(String description) {"
      },
      {
        "lineNumber": 7,
        "author": {
          "gitId": "zarifahz"
        },
        "content": "        this.description \u003d description;"
      },
      {
        "lineNumber": 8,
        "author": {
          "gitId": "zarifahz"
        },
        "content": "        this.isdone \u003d false;"
      },
      {
        "lineNumber": 9,
        "author": {
          "gitId": "zarifahz"
        },
        "content": "    }"
      },
      {
        "lineNumber": 10,
        "author": {
          "gitId": "zarifahz"
        },
        "content": ""
      },
      {
        "lineNumber": 11,
        "author": {
          "gitId": "zarifahz"
        },
        "content": "    public String symbols() {"
      },
      {
        "lineNumber": 12,
        "author": {
          "gitId": "zarifahz"
        },
        "content": "        return (isdone ? \"\\u2713\" : \"\\u2718\"); // tick for yes and x for no"
      },
      {
        "lineNumber": 13,
        "author": {
          "gitId": "zarifahz"
        },
        "content": "    }"
      },
      {
        "lineNumber": 14,
        "author": {
          "gitId": "zarifahz"
        },
        "content": ""
      },
      {
        "lineNumber": 15,
        "author": {
          "gitId": "zarifahz"
        },
        "content": "    public void markDone() { //mark task as done"
      },
      {
        "lineNumber": 16,
        "author": {
          "gitId": "zarifahz"
        },
        "content": "        this.isdone \u003d true;"
      },
      {
        "lineNumber": 17,
        "author": {
          "gitId": "zarifahz"
        },
        "content": "        this.symbols();"
      },
      {
        "lineNumber": 18,
        "author": {
          "gitId": "zarifahz"
        },
        "content": "    }"
      },
      {
        "lineNumber": 19,
        "author": {
          "gitId": "zarifahz"
        },
        "content": ""
      },
      {
        "lineNumber": 20,
        "author": {
          "gitId": "zarifahz"
        },
        "content": "    public String toString() {"
      },
      {
        "lineNumber": 21,
        "author": {
          "gitId": "zarifahz"
        },
        "content": "        return ( \"[\" + this.symbols() + \"]\" + description);"
      },
      {
        "lineNumber": 22,
        "author": {
          "gitId": "zarifahz"
        },
        "content": "    }"
      },
      {
        "lineNumber": 23,
        "author": {
          "gitId": "zarifahz"
        },
        "content": "}"
      }
    ],
    "authorContributionMap": {
      "zarifahz": 23
    }
  },
  {
    "path": "src/main/java/ToDo.java",
    "fileType": "java",
    "lines": [
      {
        "lineNumber": 1,
        "author": {
          "gitId": "zarifahz"
        },
        "content": "public class ToDo extends Task{"
      },
      {
        "lineNumber": 2,
        "author": {
          "gitId": "zarifahz"
        },
        "content": ""
      },
      {
        "lineNumber": 3,
        "author": {
          "gitId": "zarifahz"
        },
        "content": "    public ToDo(String description) { // description of Task description"
      },
      {
        "lineNumber": 4,
        "author": {
          "gitId": "zarifahz"
        },
        "content": "        super(description);"
      },
      {
        "lineNumber": 5,
        "author": {
          "gitId": "zarifahz"
        },
        "content": "    }"
      },
      {
        "lineNumber": 6,
        "author": {
          "gitId": "zarifahz"
        },
        "content": ""
      },
      {
        "lineNumber": 7,
        "author": {
          "gitId": "zarifahz"
        },
        "content": "    @Override"
      },
      {
        "lineNumber": 8,
        "author": {
          "gitId": "zarifahz"
        },
        "content": "    public String toString() {"
      },
      {
        "lineNumber": 9,
        "author": {
          "gitId": "zarifahz"
        },
        "content": "        return ( \"[T]\" + super.toString()); // T acronym \u003d t0d0"
      },
      {
        "lineNumber": 10,
        "author": {
          "gitId": "zarifahz"
        },
        "content": "    }"
      },
      {
        "lineNumber": 11,
        "author": {
          "gitId": "zarifahz"
        },
        "content": "}"
      }
    ],
    "authorContributionMap": {
      "zarifahz": 11
    }
  }
]
