{
  "authorDailyContributionsMap": {
    "zarifahz": [
      {
        "date": "2020-09-01",
        "commitResults": [
          {
            "hash": "5cb9821ba115e01466ccb7a6f861489208953116",
            "messageTitle": "Commit Level-1",
            "messageBody": "",
            "tags": [
              "Level-1"
            ],
            "fileTypesAndContributionMap": {
              "java": {
                "insertions": 43,
                "deletions": 0
              }
            }
          },
          {
            "hash": "0968ff0f71612948bfbe2750fbc223d1c5c5c31d",
            "messageTitle": "Commit Level- 2",
            "messageBody": "",
            "tags": [
              "Level-2"
            ],
            "fileTypesAndContributionMap": {
              "java": {
                "insertions": 23,
                "deletions": 14
              }
            }
          }
        ]
      },
      {
        "date": "2020-09-02",
        "commitResults": [
          {
            "hash": "be9cce4356975a5a64a623d8232d99414deec25f",
            "messageTitle": "Task class",
            "messageBody": "",
            "tags": [
              "TaskClass"
            ],
            "fileTypesAndContributionMap": {
              "java": {
                "insertions": 41,
                "deletions": 8
              }
            }
          }
        ]
      },
      {
        "date": "2020-09-09",
        "commitResults": [
          {
            "hash": "10d52c0d26f4a5ccb290e7f274dc7a14925678d9",
            "messageTitle": "Commit Level - 4",
            "messageBody": "",
            "tags": [
              "Level-4"
            ],
            "fileTypesAndContributionMap": {
              "java": {
                "insertions": 104,
                "deletions": 18
              }
            }
          },
          {
            "hash": "23ee8b513ec8f813657c2ad6965bcbd3e82a7edf",
            "messageTitle": "Level - 5 DukeException",
            "messageBody": "",
            "fileTypesAndContributionMap": {
              "java": {
                "insertions": 56,
                "deletions": 48
              }
            }
          },
          {
            "hash": "02d1133e7b45c49faf7ba56ee5fd75f04fd82f61",
            "messageTitle": "Revert \"Level - 5 DukeException\"",
            "messageBody": "This reverts commit 23ee8b513ec8f813657c2ad6965bcbd3e82a7edf.\n",
            "fileTypesAndContributionMap": {
              "java": {
                "insertions": 48,
                "deletions": 56
              }
            }
          },
          {
            "hash": "7e6228ef27111c9fb462a3550b5e39fb523e0b40",
            "messageTitle": "Commit Level - 5",
            "messageBody": "",
            "tags": [
              "Level-5"
            ],
            "fileTypesAndContributionMap": {
              "java": {
                "insertions": 1,
                "deletions": 1
              }
            }
          }
        ]
      },
      {
        "date": "2020-09-22",
        "commitResults": [
          {
            "hash": "9c3280fdc575c684fb5c13a6716715b9c8c101dc",
            "messageTitle": "Level 6 : Delete",
            "messageBody": "",
            "fileTypesAndContributionMap": {
              "java": {
                "insertions": 63,
                "deletions": 47
              }
            }
          }
        ]
      },
      {
        "date": "2020-10-13",
        "commitResults": [
          {
            "hash": "8f7078c52cb11eb3c41eecce9cd8ab92c54b83b4",
            "messageTitle": "Level 8 : Date and Time",
            "messageBody": "",
            "tags": [
              "Level8"
            ],
            "fileTypesAndContributionMap": {
              "java": {
                "insertions": 115,
                "deletions": 10
              }
            }
          }
        ]
      },
      {
        "date": "2020-10-31",
        "commitResults": [
          {
            "hash": "aa3ec1e2e3dbf25ae14c9d1cbeb4da47cd553f25",
            "messageTitle": "no message",
            "messageBody": "",
            "fileTypesAndContributionMap": {
              "txt": {
                "insertions": 3,
                "deletions": 0
              },
              "java": {
                "insertions": 232,
                "deletions": 26
              }
            }
          },
          {
            "hash": "edfe39bbbedde90798e87ffaa6ff9b85ba24764e",
            "messageTitle": "Revert \"no message\"",
            "messageBody": "This reverts commit aa3ec1e2e3dbf25ae14c9d1cbeb4da47cd553f25.\n",
            "fileTypesAndContributionMap": {
              "txt": {
                "insertions": 0,
                "deletions": 3
              },
              "java": {
                "insertions": 26,
                "deletions": 232
              }
            }
          }
        ]
      },
      {
        "date": "2020-11-01",
        "commitResults": [
          {
            "hash": "f4748d0eda0bca30e27b742ae4d7d7767bd9408f",
            "messageTitle": "Make Duke More OOP",
            "messageBody": "",
            "fileTypesAndContributionMap": {
              "txt": {
                "insertions": 3,
                "deletions": 0
              },
              "java": {
                "insertions": 230,
                "deletions": 53
              }
            }
          },
          {
            "hash": "5dd6be1f23813c040c49637ee48f785f7c9735a2",
            "messageTitle": "A - Junit : Includes EvenTest \u0026 TaskTest",
            "messageBody": "",
            "fileTypesAndContributionMap": {
              "java": {
                "insertions": 45,
                "deletions": 2
              }
            }
          },
          {
            "hash": "71513cfd9a224e526801c80b5de24a5593a2c7a1",
            "messageTitle": " B-Reminders",
            "messageBody": "",
            "fileTypesAndContributionMap": {
              "txt": {
                "insertions": 0,
                "deletions": 3
              },
              "java": {
                "insertions": 98,
                "deletions": 4
              }
            }
          },
          {
            "hash": "d67c99abc4f810fee5961b7d858c9691b9332844",
            "messageTitle": "Add JavaDoc",
            "messageBody": "",
            "fileTypesAndContributionMap": {
              "java": {
                "insertions": 59,
                "deletions": 11
              }
            }
          },
          {
            "hash": "36133d21673b781eec66f97e5cf551bd636857d0",
            "messageTitle": "Coding Standard \u0026 Code Quality",
            "messageBody": "",
            "fileTypesAndContributionMap": {
              "java": {
                "insertions": 31,
                "deletions": 77
              }
            }
          }
        ]
      },
      {
        "date": "2020-11-03",
        "commitResults": [
          {
            "hash": "a45874421a801aecfa7277b6e5eb662225fa20b7",
            "messageTitle": "Make Duke more OOP II",
            "messageBody": "",
            "fileTypesAndContributionMap": {
              "txt": {
                "insertions": 3,
                "deletions": 0
              },
              "java": {
                "insertions": 99,
                "deletions": 34
              },
              "bat": {
                "insertions": 1,
                "deletions": 1
              },
              "md": {
                "insertions": 2,
                "deletions": 2
              }
            }
          }
        ]
      },
      {
        "date": "2020-11-04",
        "commitResults": [
          {
            "hash": "4f866c389bd0b29eb287e443649b834dc0285f15",
            "messageTitle": "A-Assertions",
            "messageBody": "",
            "fileTypesAndContributionMap": {
              "txt": {
                "insertions": 0,
                "deletions": 3
              },
              "java": {
                "insertions": 40,
                "deletions": 19
              }
            }
          }
        ]
      }
    ]
  },
  "authorFileTypeContributionMap": {
    "zarifahz": {
      "java": 703,
      "md": 2,
      "fxml": 0,
      "sh": 0,
      "bat": 1,
      "gradle": 0,
      "txt": 0
    }
  },
  "authorContributionVariance": {
    "zarifahz": 9309.113
  },
  "authorDisplayNameMap": {
    "zarifahz": "ZARI..IFLI"
  }
}
