{
  "authorDailyContributionsMap": {
    "Jayde-issexy": [
      {
        "date": "2020-09-17",
        "commitResults": [
          {
            "hash": "946bf6482b0cdb4424351949a4ea6fa23cc0aa5b",
            "messageTitle": "add fruits.txt 20200917",
            "messageBody": "",
            "fileTypesAndContributionMap": {
              "txt": {
                "insertions": 3,
                "deletions": 0
              }
            }
          },
          {
            "hash": "3db127f19e3279786b8737ff1cbf005d9a9d5724",
            "messageTitle": "update fruit.txt 20200917",
            "messageBody": "",
            "fileTypesAndContributionMap": {
              "txt": {
                "insertions": 2,
                "deletions": 2
              }
            }
          },
          {
            "hash": "c7cb82078f9529ed5f3fdb8db12e2862cc4569c2",
            "messageTitle": "Add colors.txt Add shapes.txt",
            "messageBody": "",
            "fileTypesAndContributionMap": {
              "txt": {
                "insertions": 7,
                "deletions": 0
              }
            }
          },
          {
            "hash": "b7f88c2a201254da8531f386f04e6214857d7140",
            "messageTitle": "Added watermelon to fruits.txt 20200917",
            "messageBody": "",
            "fileTypesAndContributionMap": {
              "txt": {
                "insertions": 2,
                "deletions": 1
              }
            }
          }
        ]
      },
      {
        "date": "2020-09-20",
        "commitResults": [
          {
            "hash": "e08f18143cd56b51619293ae6cd73994c42e8e86",
            "messageTitle": "level 1 - 20200920",
            "messageBody": "",
            "fileTypesAndContributionMap": {
              "java": {
                "insertions": 24,
                "deletions": 0
              }
            }
          },
          {
            "hash": "a25b51f00747f19468c49a8291a9ce4a48f6bd3a",
            "messageTitle": "Level 2 - 20200920",
            "messageBody": "",
            "fileTypesAndContributionMap": {
              "java": {
                "insertions": 29,
                "deletions": 7
              }
            }
          },
          {
            "hash": "f12496351677ad39d4182a4808dd8b13aec9232c",
            "messageTitle": "new branch add-intro 20200920",
            "messageBody": "",
            "fileTypesAndContributionMap": {
              "java": {
                "insertions": 1,
                "deletions": 0
              }
            }
          },
          {
            "hash": "8d17deb1e6a4a8087d3b9708a935800442d985c2",
            "messageTitle": "add-intro branch",
            "messageBody": "",
            "fileTypesAndContributionMap": {
              "java": {
                "insertions": 1,
                "deletions": 1
              }
            }
          }
        ]
      },
      {
        "date": "2020-10-19",
        "commitResults": [
          {
            "hash": "c27657c00afc004f8b94707878a9bcac457bb2e8",
            "messageTitle": "Level 3. Mark as Done",
            "messageBody": "",
            "fileTypesAndContributionMap": {
              "java": {
                "insertions": 74,
                "deletions": 21
              }
            }
          },
          {
            "hash": "2e2966ec5d1341192b3cdf43829b10c7a5fa5696",
            "messageTitle": "Level-4",
            "messageBody": "(cherry picked from commit f0f733f8b6b95d549f91f70c381058b1c1e569ae)\n",
            "fileTypesAndContributionMap": {
              "java": {
                "insertions": 88,
                "deletions": 17
              }
            }
          }
        ]
      },
      {
        "date": "2020-10-20",
        "commitResults": [
          {
            "hash": "0c0475947a45da9732f0b5ce7de4bff32365d4dd",
            "messageTitle": "Level-5",
            "messageBody": "",
            "fileTypesAndContributionMap": {
              "java": {
                "insertions": 97,
                "deletions": 64
              }
            }
          },
          {
            "hash": "5b15a56a8814121c9a0910671c6ba46533842642",
            "messageTitle": "Cleanup- with arraylist",
            "messageBody": "",
            "fileTypesAndContributionMap": {
              "java": {
                "insertions": 21,
                "deletions": 12
              }
            }
          }
        ]
      },
      {
        "date": "2020-10-23",
        "commitResults": [
          {
            "hash": "8bdea71c7d52dc6aa636fa649e24cc72cdda72f5",
            "messageTitle": "Level-6",
            "messageBody": "",
            "fileTypesAndContributionMap": {
              "java": {
                "insertions": 20,
                "deletions": 3
              }
            }
          }
        ]
      }
    ]
  },
  "authorFileTypeContributionMap": {
    "Jayde-issexy": {
      "java": 232,
      "md": 0,
      "fxml": 0,
      "sh": 0,
      "bat": 0,
      "gradle": 0,
      "txt": 11
    }
  },
  "authorContributionVariance": {
    "Jayde-issexy": 1111.8873
  },
  "authorDisplayNameMap": {
    "Jayde-issexy": "TAN .. MIN"
  }
}
