{
  "authorDailyContributionsMap": {
    "zcnmashleu95": [
      {
        "date": "2020-08-29",
        "commitResults": [
          {
            "hash": "c1647cf040c95a91387c6a56c7cb028fad0f5de2",
            "messageTitle": "test branch and commit",
            "messageBody": "",
            "fileTypesAndContributionMap": {
              "java": {
                "insertions": 3,
                "deletions": 0
              }
            }
          },
          {
            "hash": "ad2e991900d78765bce557c48ead803ea70eb5cf",
            "messageTitle": "testing 2nd commit",
            "messageBody": "",
            "fileTypesAndContributionMap": {
              "java": {
                "insertions": 1,
                "deletions": 1
              }
            }
          }
        ]
      },
      {
        "date": "2020-08-30",
        "commitResults": [
          {
            "hash": "57eba22cb3d3b7783a69ec9f55565fe3139fb849",
            "messageTitle": "Contains level 1 and 2 commits",
            "messageBody": "",
            "fileTypesAndContributionMap": {
              "java": {
                "insertions": 68,
                "deletions": 2
              }
            }
          }
        ]
      },
      {
        "date": "2020-09-06",
        "commitResults": [
          {
            "hash": "62f29cd03c9730e9d5778a356ae01c62275673ac",
            "messageTitle": "finish level 3",
            "messageBody": "",
            "fileTypesAndContributionMap": {
              "java": {
                "insertions": 71,
                "deletions": 11
              }
            }
          }
        ]
      },
      {
        "date": "2020-09-30",
        "commitResults": [
          {
            "hash": "0f965cdf88c96c416920192cd0e8d5dfd8a1bfdd",
            "messageTitle": "Finished level 4",
            "messageBody": "",
            "fileTypesAndContributionMap": {
              "txt": {
                "insertions": 5,
                "deletions": 0
              },
              "java": {
                "insertions": 107,
                "deletions": 11
              },
              "bat": {
                "insertions": 2,
                "deletions": 0
              }
            }
          }
        ]
      },
      {
        "date": "2020-10-11",
        "commitResults": [
          {
            "hash": "657b56377b4fb892fd370b66bd23a1375606c222",
            "messageTitle": "Finished level 5",
            "messageBody": "",
            "fileTypesAndContributionMap": {
              "java": {
                "insertions": 33,
                "deletions": 13
              }
            }
          }
        ]
      },
      {
        "date": "2020-10-15",
        "commitResults": [
          {
            "hash": "3ef6ff0391d791752e453dee2194e0d79156ce93",
            "messageTitle": "Finished Level 6. Changed array to ArrayList. Added deleteMemo function. Would want to refactor the addMemo and deleteMemo, workout the Exceptions better.",
            "messageBody": "",
            "fileTypesAndContributionMap": {
              "java": {
                "insertions": 66,
                "deletions": 45
              }
            }
          }
        ]
      },
      {
        "date": "2020-10-20",
        "commitResults": [
          {
            "hash": "2736006782611d7463ae16e2b7862db55410634e",
            "messageTitle": "Added File Access Write, but haven\u0027t complete File Access Read",
            "messageBody": "",
            "fileTypesAndContributionMap": {
              "txt": {
                "insertions": 4,
                "deletions": 0
              },
              "java": {
                "insertions": 120,
                "deletions": 7
              }
            }
          }
        ]
      },
      {
        "date": "2020-10-21",
        "commitResults": [
          {
            "hash": "91d7b240cad5ce9181055a47bb34ce16e45d5c56",
            "messageTitle": "Finished level7, and completed load from file. Haven\u0027t Refactor yet.",
            "messageBody": "",
            "fileTypesAndContributionMap": {
              "txt": {
                "insertions": 0,
                "deletions": 4
              },
              "java": {
                "insertions": 25,
                "deletions": 7
              }
            }
          }
        ]
      },
      {
        "date": "2020-10-22",
        "commitResults": [
          {
            "hash": "e7c8ff7ba6df8d9b25c2506e9b3a632401501911",
            "messageTitle": "Finished Level 8. Added Date Time. Works with loading from file and writing on File. Also works with print. TODO: Refactors, Exceptions, Testings, Package. All this, probably do after Level 9",
            "messageBody": "",
            "fileTypesAndContributionMap": {
              "java": {
                "insertions": 35,
                "deletions": 17
              }
            }
          }
        ]
      },
      {
        "date": "2020-10-25",
        "commitResults": [
          {
            "hash": "bac7078cf0bfe84b4b9ccdd11cc7eb42d4804810",
            "messageTitle": "Finished Level 9, added find feature",
            "messageBody": "",
            "fileTypesAndContributionMap": {
              "java": {
                "insertions": 20,
                "deletions": 0
              }
            }
          }
        ]
      },
      {
        "date": "2020-10-30",
        "commitResults": [
          {
            "hash": "32bf620402dc811b72ef0a1a65ad84ef5b87f035",
            "messageTitle": "Refactoring the classes into better OOP. The storage,ui etc. So far, everything shouldn\u0027t be working yet. This refactor into better OOP was previously from Level 7. Some of the classes are in Packages.",
            "messageBody": "",
            "fileTypesAndContributionMap": {
              "java": {
                "insertions": 18,
                "deletions": 275
              }
            }
          },
          {
            "hash": "7cef86667ba75e43c12648978fcba097c3f7a4fb",
            "messageTitle": "Still in the process of refactoring. Seems to be better. Need to refactor commands class and parser class more. UI and Storage class is almost done",
            "messageBody": "",
            "fileTypesAndContributionMap": {
              "java": {
                "insertions": 24,
                "deletions": 28
              }
            }
          },
          {
            "hash": "47d6aa2d7cf32b09860afb407b651bcbe4fd633c",
            "messageTitle": "Somehow the last 2 commits didn\u0027t include the new files.",
            "messageBody": "",
            "fileTypesAndContributionMap": {
              "java": {
                "insertions": 429,
                "deletions": 0
              }
            }
          },
          {
            "hash": "8967482724e880bcc8ec1180bf6eb91c964f0190",
            "messageTitle": "Still refactoring stuff. Mainly looking at Parser and Command Class",
            "messageBody": "",
            "fileTypesAndContributionMap": {
              "java": {
                "insertions": 86,
                "deletions": 69
              }
            }
          }
        ]
      },
      {
        "date": "2020-10-31",
        "commitResults": [
          {
            "hash": "37b92ba65ec145f847ae7e54c7145781c3ea37f6",
            "messageTitle": "The refactoring seems to be almost done. Probably 70-85% done. Will be focusing on the Command and TaskList classes refactoring. Haven\u0027t start debugging yet. So far Refactoring and packages ok",
            "messageBody": "",
            "fileTypesAndContributionMap": {
              "java": {
                "insertions": 87,
                "deletions": 52
              }
            }
          },
          {
            "hash": "1f449facce2f4eb728d30ab0e217f11cd8d2cb95",
            "messageTitle": "Refactoring is pretty much complete. Only portions for the techdebt are to refactor Exceptions. Afterwards will be doing JDOC, JUnit testingand regression testing",
            "messageBody": "",
            "fileTypesAndContributionMap": {
              "java": {
                "insertions": 73,
                "deletions": 56
              }
            }
          }
        ]
      },
      {
        "date": "2020-11-05",
        "commitResults": [
          {
            "hash": "076f2f4eaef0b60b343acaa5f11c77b11b9d6967",
            "messageTitle": "Working on Java Docs. Packages and Refactoring are complete.Exceptions are mostly done, but I\u0027ll probably relook them again later. After Java Docs will be JUnit Testing and Regression Testing. Then the 2 Individual features, hopefully by friday.",
            "messageBody": "",
            "fileTypesAndContributionMap": {
              "java": {
                "insertions": 269,
                "deletions": 137
              }
            }
          }
        ]
      },
      {
        "date": "2020-11-06",
        "commitResults": [
          {
            "hash": "97ec877e2efe7e92234659ac1952ffc269888602",
            "messageTitle": "More or less completed JavaDoc. Only left JUnit Testing and Regression Testing before individual features",
            "messageBody": "",
            "fileTypesAndContributionMap": {
              "java": {
                "insertions": 293,
                "deletions": 35
              }
            }
          }
        ]
      },
      {
        "date": "2020-11-07",
        "commitResults": [
          {
            "hash": "533f737841aad39c16c8706ae386899b70a6acb5",
            "messageTitle": "Added 3 JUnit Testing. Will probably add more after the 2 individual features. I think techdebt1 is done.",
            "messageBody": "",
            "fileTypesAndContributionMap": {
              "txt": {
                "insertions": 1,
                "deletions": 0
              },
              "java": {
                "insertions": 72,
                "deletions": 12
              }
            }
          }
        ]
      },
      {
        "date": "2020-11-08",
        "commitResults": [
          {
            "hash": "9764009ae2ad5fba60e76d5f47e753b24e18c948",
            "messageTitle": "Finished Snooze - Reschedule Deadlines. Feature 2 - Better search was already complete",
            "messageBody": "",
            "fileTypesAndContributionMap": {
              "java": {
                "insertions": 82,
                "deletions": 13
              }
            }
          }
        ]
      }
    ]
  },
  "authorFileTypeContributionMap": {
    "zcnmashleu95": {
      "java": 1198,
      "md": 0,
      "fxml": 0,
      "sh": 0,
      "bat": 2,
      "gradle": 0,
      "txt": 6
    }
  },
  "authorContributionVariance": {
    "zcnmashleu95": 13763.202
  },
  "authorDisplayNameMap": {
    "zcnmashleu95": "LAM ..CHUN"
  }
}
