[
  {
    "path": "src/main/java/Duke.java",
    "fileType": "java",
    "lines": [
      {
        "lineNumber": 1,
        "author": {
          "gitId": "needsmorechilli"
        },
        "content": "import java.util.Scanner;"
      },
      {
        "lineNumber": 2,
        "author": {
          "gitId": "needsmorechilli"
        },
        "content": "import java.util.Arrays;"
      },
      {
        "lineNumber": 3,
        "author": {
          "gitId": "needsmorechilli"
        },
        "content": ""
      },
      {
        "lineNumber": 4,
        "author": {
          "gitId": "-"
        },
        "content": "public class Duke {"
      },
      {
        "lineNumber": 5,
        "author": {
          "gitId": "needsmorechilli"
        },
        "content": "    private static Task [] store \u003d new Task [100];"
      },
      {
        "lineNumber": 6,
        "author": {
          "gitId": "needsmorechilli"
        },
        "content": "    private static int count \u003d0;"
      },
      {
        "lineNumber": 7,
        "author": {
          "gitId": "needsmorechilli"
        },
        "content": ""
      },
      {
        "lineNumber": 8,
        "author": {
          "gitId": "-"
        },
        "content": "    public static void main(String[] args) {"
      },
      {
        "lineNumber": 9,
        "author": {
          "gitId": "-"
        },
        "content": "        String logo \u003d \" ____        _        \\n\""
      },
      {
        "lineNumber": 10,
        "author": {
          "gitId": "-"
        },
        "content": "                + \"|  _ \\\\ _   _| | _____ \\n\""
      },
      {
        "lineNumber": 11,
        "author": {
          "gitId": "-"
        },
        "content": "                + \"| | | | | | | |/ / _ \\\\\\n\""
      },
      {
        "lineNumber": 12,
        "author": {
          "gitId": "-"
        },
        "content": "                + \"| |_| | |_| |   \u003c  __/\\n\""
      },
      {
        "lineNumber": 13,
        "author": {
          "gitId": "-"
        },
        "content": "                + \"|____/ \\\\__,_|_|\\\\_\\\\___|\\n\";"
      },
      {
        "lineNumber": 14,
        "author": {
          "gitId": "-"
        },
        "content": "        System.out.println(\"Hello from\\n\" + logo);"
      },
      {
        "lineNumber": 15,
        "author": {
          "gitId": "needsmorechilli"
        },
        "content": "        System.out.println(\"Hello! I\u0027m Duke\\nWhat can I do for you?\");"
      },
      {
        "lineNumber": 16,
        "author": {
          "gitId": "needsmorechilli"
        },
        "content": "        Scanner in \u003d new Scanner(System.in);"
      },
      {
        "lineNumber": 17,
        "author": {
          "gitId": "needsmorechilli"
        },
        "content": ""
      },
      {
        "lineNumber": 18,
        "author": {
          "gitId": "needsmorechilli"
        },
        "content": "        int flag \u003d 0;"
      },
      {
        "lineNumber": 19,
        "author": {
          "gitId": "needsmorechilli"
        },
        "content": "        while (flag \u003d\u003d 0) {"
      },
      {
        "lineNumber": 20,
        "author": {
          "gitId": "needsmorechilli"
        },
        "content": "            String line \u003d in.nextLine();"
      },
      {
        "lineNumber": 21,
        "author": {
          "gitId": "needsmorechilli"
        },
        "content": "            flag \u003d text(line.trim());"
      },
      {
        "lineNumber": 22,
        "author": {
          "gitId": "needsmorechilli"
        },
        "content": "        }"
      },
      {
        "lineNumber": 23,
        "author": {
          "gitId": "needsmorechilli"
        },
        "content": "    }"
      },
      {
        "lineNumber": 24,
        "author": {
          "gitId": "needsmorechilli"
        },
        "content": ""
      },
      {
        "lineNumber": 25,
        "author": {
          "gitId": "needsmorechilli"
        },
        "content": "    public  static int text(String input) {"
      },
      {
        "lineNumber": 26,
        "author": {
          "gitId": "needsmorechilli"
        },
        "content": "        String[] num \u003d input.split(\" \");"
      },
      {
        "lineNumber": 27,
        "author": {
          "gitId": "needsmorechilli"
        },
        "content": "        if (num.length \u003e 0 \u0026\u0026 !num[0].isBlank()) {"
      },
      {
        "lineNumber": 28,
        "author": {
          "gitId": "needsmorechilli"
        },
        "content": "            String command \u003d num[0];"
      },
      {
        "lineNumber": 29,
        "author": {
          "gitId": "needsmorechilli"
        },
        "content": "            switch (command) {"
      },
      {
        "lineNumber": 30,
        "author": {
          "gitId": "needsmorechilli"
        },
        "content": "                case \"list\":"
      },
      {
        "lineNumber": 31,
        "author": {
          "gitId": "needsmorechilli"
        },
        "content": "                    listTask();"
      },
      {
        "lineNumber": 32,
        "author": {
          "gitId": "needsmorechilli"
        },
        "content": "                    break;"
      },
      {
        "lineNumber": 33,
        "author": {
          "gitId": "needsmorechilli"
        },
        "content": "                case \"done\":"
      },
      {
        "lineNumber": 34,
        "author": {
          "gitId": "needsmorechilli"
        },
        "content": "                    Taskdone(num);"
      },
      {
        "lineNumber": 35,
        "author": {
          "gitId": "needsmorechilli"
        },
        "content": "                    break;"
      },
      {
        "lineNumber": 36,
        "author": {
          "gitId": "needsmorechilli"
        },
        "content": "                case \"bye\":"
      },
      {
        "lineNumber": 37,
        "author": {
          "gitId": "needsmorechilli"
        },
        "content": "                    System.out.print(\"Bye. Hope to see you again soon!\");"
      },
      {
        "lineNumber": 38,
        "author": {
          "gitId": "needsmorechilli"
        },
        "content": "                    return 1;"
      },
      {
        "lineNumber": 39,
        "author": {
          "gitId": "needsmorechilli"
        },
        "content": "                default:"
      },
      {
        "lineNumber": 40,
        "author": {
          "gitId": "needsmorechilli"
        },
        "content": "                    addTask(input);"
      },
      {
        "lineNumber": 41,
        "author": {
          "gitId": "needsmorechilli"
        },
        "content": "            }"
      },
      {
        "lineNumber": 42,
        "author": {
          "gitId": "needsmorechilli"
        },
        "content": "        }"
      },
      {
        "lineNumber": 43,
        "author": {
          "gitId": "needsmorechilli"
        },
        "content": "        return 0;"
      },
      {
        "lineNumber": 44,
        "author": {
          "gitId": "needsmorechilli"
        },
        "content": "    }"
      },
      {
        "lineNumber": 45,
        "author": {
          "gitId": "needsmorechilli"
        },
        "content": ""
      },
      {
        "lineNumber": 46,
        "author": {
          "gitId": "needsmorechilli"
        },
        "content": "    public static void addTask (String description) {"
      },
      {
        "lineNumber": 47,
        "author": {
          "gitId": "needsmorechilli"
        },
        "content": "        Task t \u003d new Task(description);"
      },
      {
        "lineNumber": 48,
        "author": {
          "gitId": "needsmorechilli"
        },
        "content": "        store[count++] \u003d t;"
      },
      {
        "lineNumber": 49,
        "author": {
          "gitId": "needsmorechilli"
        },
        "content": "        System.out.println(\"added: \" + t);"
      },
      {
        "lineNumber": 50,
        "author": {
          "gitId": "needsmorechilli"
        },
        "content": "    }"
      },
      {
        "lineNumber": 51,
        "author": {
          "gitId": "needsmorechilli"
        },
        "content": ""
      },
      {
        "lineNumber": 52,
        "author": {
          "gitId": "needsmorechilli"
        },
        "content": "    public static void listTask() {"
      },
      {
        "lineNumber": 53,
        "author": {
          "gitId": "needsmorechilli"
        },
        "content": "        System.out.println(\"Here are the tasks in your list: \");"
      },
      {
        "lineNumber": 54,
        "author": {
          "gitId": "needsmorechilli"
        },
        "content": "        for (int a \u003d 0; a \u003c count; a++) {"
      },
      {
        "lineNumber": 55,
        "author": {
          "gitId": "needsmorechilli"
        },
        "content": "            Task t \u003d store[a];"
      },
      {
        "lineNumber": 56,
        "author": {
          "gitId": "needsmorechilli"
        },
        "content": "            System.out.println(a + 1 + \". \" + \"[\" + store[a].getStatusIcon() + \"] \" + store[a]);"
      },
      {
        "lineNumber": 57,
        "author": {
          "gitId": "needsmorechilli"
        },
        "content": "        }"
      },
      {
        "lineNumber": 58,
        "author": {
          "gitId": "needsmorechilli"
        },
        "content": "    }"
      },
      {
        "lineNumber": 59,
        "author": {
          "gitId": "needsmorechilli"
        },
        "content": ""
      },
      {
        "lineNumber": 60,
        "author": {
          "gitId": "needsmorechilli"
        },
        "content": "    public static void Taskdone(String[] num){"
      },
      {
        "lineNumber": 61,
        "author": {
          "gitId": "needsmorechilli"
        },
        "content": "        System.out.println(\"Nice! I\u0027ve marked this task as done: \");"
      },
      {
        "lineNumber": 62,
        "author": {
          "gitId": "needsmorechilli"
        },
        "content": "        for (int i \u003d 1; i \u003c num.length; i++){ //skip 0 as text, looking for the number"
      },
      {
        "lineNumber": 63,
        "author": {
          "gitId": "needsmorechilli"
        },
        "content": "            int TaskNo \u003d Integer.parseInt(num[i]); //change string to No"
      },
      {
        "lineNumber": 64,
        "author": {
          "gitId": "needsmorechilli"
        },
        "content": "            if (store[TaskNo-1] !\u003d null ){ //to check that input is in list"
      },
      {
        "lineNumber": 65,
        "author": {
          "gitId": "needsmorechilli"
        },
        "content": "                Task t \u003d store[TaskNo-1];"
      },
      {
        "lineNumber": 66,
        "author": {
          "gitId": "needsmorechilli"
        },
        "content": "                t.markAsDone();"
      },
      {
        "lineNumber": 67,
        "author": {
          "gitId": "needsmorechilli"
        },
        "content": "                System.out.println(\"[\" + store[TaskNo-1].getStatusIcon() + \"] \"+ store[TaskNo-1]);"
      },
      {
        "lineNumber": 68,
        "author": {
          "gitId": "needsmorechilli"
        },
        "content": "            }"
      },
      {
        "lineNumber": 69,
        "author": {
          "gitId": "needsmorechilli"
        },
        "content": "        }"
      },
      {
        "lineNumber": 70,
        "author": {
          "gitId": "-"
        },
        "content": "    }"
      },
      {
        "lineNumber": 71,
        "author": {
          "gitId": "-"
        },
        "content": "}"
      }
    ],
    "authorContributionMap": {
      "needsmorechilli": 61,
      "-": 10
    }
  },
  {
    "path": "src/main/java/Task.java",
    "fileType": "java",
    "lines": [
      {
        "lineNumber": 1,
        "author": {
          "gitId": "needsmorechilli"
        },
        "content": "public class Task {"
      },
      {
        "lineNumber": 2,
        "author": {
          "gitId": "needsmorechilli"
        },
        "content": "    protected String description;"
      },
      {
        "lineNumber": 3,
        "author": {
          "gitId": "needsmorechilli"
        },
        "content": "    protected boolean isDone;"
      },
      {
        "lineNumber": 4,
        "author": {
          "gitId": "needsmorechilli"
        },
        "content": ""
      },
      {
        "lineNumber": 5,
        "author": {
          "gitId": "needsmorechilli"
        },
        "content": "    public Task(String description) {"
      },
      {
        "lineNumber": 6,
        "author": {
          "gitId": "needsmorechilli"
        },
        "content": "        this.description \u003d description;"
      },
      {
        "lineNumber": 7,
        "author": {
          "gitId": "needsmorechilli"
        },
        "content": "        this.isDone \u003d false;"
      },
      {
        "lineNumber": 8,
        "author": {
          "gitId": "needsmorechilli"
        },
        "content": "    }"
      },
      {
        "lineNumber": 9,
        "author": {
          "gitId": "needsmorechilli"
        },
        "content": ""
      },
      {
        "lineNumber": 10,
        "author": {
          "gitId": "needsmorechilli"
        },
        "content": "    public String getStatusIcon() {"
      },
      {
        "lineNumber": 11,
        "author": {
          "gitId": "needsmorechilli"
        },
        "content": "        return (isDone ? \"\\u2713\" : \"\\u2718\"); //return tick or X symbols"
      },
      {
        "lineNumber": 12,
        "author": {
          "gitId": "needsmorechilli"
        },
        "content": "    }"
      },
      {
        "lineNumber": 13,
        "author": {
          "gitId": "needsmorechilli"
        },
        "content": ""
      },
      {
        "lineNumber": 14,
        "author": {
          "gitId": "needsmorechilli"
        },
        "content": "    public void markAsDone(){"
      },
      {
        "lineNumber": 15,
        "author": {
          "gitId": "needsmorechilli"
        },
        "content": "        this.isDone \u003d true;"
      },
      {
        "lineNumber": 16,
        "author": {
          "gitId": "needsmorechilli"
        },
        "content": "    }"
      },
      {
        "lineNumber": 17,
        "author": {
          "gitId": "needsmorechilli"
        },
        "content": "    @Override"
      },
      {
        "lineNumber": 18,
        "author": {
          "gitId": "needsmorechilli"
        },
        "content": "    public String toString() {"
      },
      {
        "lineNumber": 19,
        "author": {
          "gitId": "needsmorechilli"
        },
        "content": "        return this.description;"
      },
      {
        "lineNumber": 20,
        "author": {
          "gitId": "needsmorechilli"
        },
        "content": "    }"
      },
      {
        "lineNumber": 21,
        "author": {
          "gitId": "needsmorechilli"
        },
        "content": "}"
      }
    ],
    "authorContributionMap": {
      "needsmorechilli": 21
    }
  }
]
