[
  {
    "path": "src/main/java/Deadline.java",
    "fileType": "java",
    "lines": [
      {
        "lineNumber": 1,
        "author": {
          "gitId": "needsmorechilli"
        },
        "content": "public class Deadline extends Task {"
      },
      {
        "lineNumber": 2,
        "author": {
          "gitId": "needsmorechilli"
        },
        "content": ""
      },
      {
        "lineNumber": 3,
        "author": {
          "gitId": "needsmorechilli"
        },
        "content": "    protected String by;"
      },
      {
        "lineNumber": 4,
        "author": {
          "gitId": "needsmorechilli"
        },
        "content": ""
      },
      {
        "lineNumber": 5,
        "author": {
          "gitId": "needsmorechilli"
        },
        "content": "    public Deadline(String description, String by) {"
      },
      {
        "lineNumber": 6,
        "author": {
          "gitId": "needsmorechilli"
        },
        "content": "        super(description);"
      },
      {
        "lineNumber": 7,
        "author": {
          "gitId": "needsmorechilli"
        },
        "content": "        this.by \u003d by;"
      },
      {
        "lineNumber": 8,
        "author": {
          "gitId": "needsmorechilli"
        },
        "content": "    }"
      },
      {
        "lineNumber": 9,
        "author": {
          "gitId": "needsmorechilli"
        },
        "content": ""
      },
      {
        "lineNumber": 10,
        "author": {
          "gitId": "needsmorechilli"
        },
        "content": "    @Override"
      },
      {
        "lineNumber": 11,
        "author": {
          "gitId": "needsmorechilli"
        },
        "content": "    public String toString() {"
      },
      {
        "lineNumber": 12,
        "author": {
          "gitId": "needsmorechilli"
        },
        "content": "        return \"[D]\" + super.toString() + \" (by: \" + by + \")\";"
      },
      {
        "lineNumber": 13,
        "author": {
          "gitId": "needsmorechilli"
        },
        "content": "    }"
      },
      {
        "lineNumber": 14,
        "author": {
          "gitId": "needsmorechilli"
        },
        "content": "}"
      },
      {
        "lineNumber": 15,
        "author": {
          "gitId": "needsmorechilli"
        },
        "content": ""
      }
    ],
    "authorContributionMap": {
      "needsmorechilli": 15
    }
  },
  {
    "path": "src/main/java/Duke.java",
    "fileType": "java",
    "lines": [
      {
        "lineNumber": 1,
        "author": {
          "gitId": "needsmorechilli"
        },
        "content": "import java.util.Scanner;"
      },
      {
        "lineNumber": 2,
        "author": {
          "gitId": "needsmorechilli"
        },
        "content": "import java.util.Arrays;"
      },
      {
        "lineNumber": 3,
        "author": {
          "gitId": "needsmorechilli"
        },
        "content": ""
      },
      {
        "lineNumber": 4,
        "author": {
          "gitId": "-"
        },
        "content": "public class Duke {"
      },
      {
        "lineNumber": 5,
        "author": {
          "gitId": "needsmorechilli"
        },
        "content": "    private static Task [] store \u003d new Task [100];"
      },
      {
        "lineNumber": 6,
        "author": {
          "gitId": "needsmorechilli"
        },
        "content": "    private static int count \u003d0;"
      },
      {
        "lineNumber": 7,
        "author": {
          "gitId": "needsmorechilli"
        },
        "content": ""
      },
      {
        "lineNumber": 8,
        "author": {
          "gitId": "-"
        },
        "content": "    public static void main(String[] args) {"
      },
      {
        "lineNumber": 9,
        "author": {
          "gitId": "-"
        },
        "content": "        String logo \u003d \" ____        _        \\n\""
      },
      {
        "lineNumber": 10,
        "author": {
          "gitId": "-"
        },
        "content": "                + \"|  _ \\\\ _   _| | _____ \\n\""
      },
      {
        "lineNumber": 11,
        "author": {
          "gitId": "-"
        },
        "content": "                + \"| | | | | | | |/ / _ \\\\\\n\""
      },
      {
        "lineNumber": 12,
        "author": {
          "gitId": "-"
        },
        "content": "                + \"| |_| | |_| |   \u003c  __/\\n\""
      },
      {
        "lineNumber": 13,
        "author": {
          "gitId": "-"
        },
        "content": "                + \"|____/ \\\\__,_|_|\\\\_\\\\___|\\n\";"
      },
      {
        "lineNumber": 14,
        "author": {
          "gitId": "-"
        },
        "content": "        System.out.println(\"Hello from\\n\" + logo);"
      },
      {
        "lineNumber": 15,
        "author": {
          "gitId": "needsmorechilli"
        },
        "content": "        System.out.println(\"Hello! I\u0027m Duke\\nWhat can I do for you?\");"
      },
      {
        "lineNumber": 16,
        "author": {
          "gitId": "needsmorechilli"
        },
        "content": "        Scanner in \u003d new Scanner(System.in);"
      },
      {
        "lineNumber": 17,
        "author": {
          "gitId": "needsmorechilli"
        },
        "content": ""
      },
      {
        "lineNumber": 18,
        "author": {
          "gitId": "needsmorechilli"
        },
        "content": "        int flag \u003d 0;"
      },
      {
        "lineNumber": 19,
        "author": {
          "gitId": "needsmorechilli"
        },
        "content": "        while (flag \u003d\u003d 0) {"
      },
      {
        "lineNumber": 20,
        "author": {
          "gitId": "needsmorechilli"
        },
        "content": "            String line \u003d in.nextLine();"
      },
      {
        "lineNumber": 21,
        "author": {
          "gitId": "needsmorechilli"
        },
        "content": "            try {"
      },
      {
        "lineNumber": 22,
        "author": {
          "gitId": "needsmorechilli"
        },
        "content": "                flag \u003d text(line.trim());"
      },
      {
        "lineNumber": 23,
        "author": {
          "gitId": "needsmorechilli"
        },
        "content": "            } catch (DukeException e) { //unknown input"
      },
      {
        "lineNumber": 24,
        "author": {
          "gitId": "needsmorechilli"
        },
        "content": "                System.out.println(\" ☹ OOPS!!! I\u0027m sorry, but I don\u0027t know what that means :-(\");"
      },
      {
        "lineNumber": 25,
        "author": {
          "gitId": "needsmorechilli"
        },
        "content": "            } catch (ArrayIndexOutOfBoundsException e) {"
      },
      {
        "lineNumber": 26,
        "author": {
          "gitId": "needsmorechilli"
        },
        "content": "                System.out.println(\"☹ OOPS!!! The description of a \" + line.trim() + \" cannot be empty.\");"
      },
      {
        "lineNumber": 27,
        "author": {
          "gitId": "needsmorechilli"
        },
        "content": "            }"
      },
      {
        "lineNumber": 28,
        "author": {
          "gitId": "needsmorechilli"
        },
        "content": "        }"
      },
      {
        "lineNumber": 29,
        "author": {
          "gitId": "needsmorechilli"
        },
        "content": "    }"
      },
      {
        "lineNumber": 30,
        "author": {
          "gitId": "needsmorechilli"
        },
        "content": ""
      },
      {
        "lineNumber": 31,
        "author": {
          "gitId": "needsmorechilli"
        },
        "content": "    public  static int text(String input) throws DukeException{"
      },
      {
        "lineNumber": 32,
        "author": {
          "gitId": "needsmorechilli"
        },
        "content": "        String[] num \u003d input.split(\" \");"
      },
      {
        "lineNumber": 33,
        "author": {
          "gitId": "needsmorechilli"
        },
        "content": "        if (/*num.length \u003e 0 \u0026\u0026 */!num[0].isBlank()) {"
      },
      {
        "lineNumber": 34,
        "author": {
          "gitId": "needsmorechilli"
        },
        "content": "            String command \u003d num[0];"
      },
      {
        "lineNumber": 35,
        "author": {
          "gitId": "needsmorechilli"
        },
        "content": "            switch (command) {"
      },
      {
        "lineNumber": 36,
        "author": {
          "gitId": "needsmorechilli"
        },
        "content": "                case \"list\":"
      },
      {
        "lineNumber": 37,
        "author": {
          "gitId": "needsmorechilli"
        },
        "content": "                    listTask();"
      },
      {
        "lineNumber": 38,
        "author": {
          "gitId": "needsmorechilli"
        },
        "content": "                    break;"
      },
      {
        "lineNumber": 39,
        "author": {
          "gitId": "needsmorechilli"
        },
        "content": "                case \"done\":"
      },
      {
        "lineNumber": 40,
        "author": {
          "gitId": "needsmorechilli"
        },
        "content": "                    Taskdone(num);"
      },
      {
        "lineNumber": 41,
        "author": {
          "gitId": "needsmorechilli"
        },
        "content": "                    break;"
      },
      {
        "lineNumber": 42,
        "author": {
          "gitId": "needsmorechilli"
        },
        "content": "                case \"todo\":"
      },
      {
        "lineNumber": 43,
        "author": {
          "gitId": "needsmorechilli"
        },
        "content": "                    ToDoTask(input);"
      },
      {
        "lineNumber": 44,
        "author": {
          "gitId": "needsmorechilli"
        },
        "content": "                    break;"
      },
      {
        "lineNumber": 45,
        "author": {
          "gitId": "needsmorechilli"
        },
        "content": "                case \"deadline\":"
      },
      {
        "lineNumber": 46,
        "author": {
          "gitId": "needsmorechilli"
        },
        "content": "                    DeadlineTask(input);"
      },
      {
        "lineNumber": 47,
        "author": {
          "gitId": "needsmorechilli"
        },
        "content": "                    break;"
      },
      {
        "lineNumber": 48,
        "author": {
          "gitId": "needsmorechilli"
        },
        "content": "                case \"event\":"
      },
      {
        "lineNumber": 49,
        "author": {
          "gitId": "needsmorechilli"
        },
        "content": "                    EventTask(input);"
      },
      {
        "lineNumber": 50,
        "author": {
          "gitId": "needsmorechilli"
        },
        "content": "                    break;"
      },
      {
        "lineNumber": 51,
        "author": {
          "gitId": "needsmorechilli"
        },
        "content": "                case \"bye\":"
      },
      {
        "lineNumber": 52,
        "author": {
          "gitId": "needsmorechilli"
        },
        "content": "                    System.out.print(\"Bye. Hope to see you again soon!\");"
      },
      {
        "lineNumber": 53,
        "author": {
          "gitId": "needsmorechilli"
        },
        "content": "                    return 1;"
      },
      {
        "lineNumber": 54,
        "author": {
          "gitId": "needsmorechilli"
        },
        "content": "                default:"
      },
      {
        "lineNumber": 55,
        "author": {
          "gitId": "needsmorechilli"
        },
        "content": "                    throw new DukeException();"
      },
      {
        "lineNumber": 56,
        "author": {
          "gitId": "needsmorechilli"
        },
        "content": "            }"
      },
      {
        "lineNumber": 57,
        "author": {
          "gitId": "needsmorechilli"
        },
        "content": "        }"
      },
      {
        "lineNumber": 58,
        "author": {
          "gitId": "needsmorechilli"
        },
        "content": "        return 0;"
      },
      {
        "lineNumber": 59,
        "author": {
          "gitId": "needsmorechilli"
        },
        "content": "    }"
      },
      {
        "lineNumber": 60,
        "author": {
          "gitId": "needsmorechilli"
        },
        "content": ""
      },
      {
        "lineNumber": 61,
        "author": {
          "gitId": "needsmorechilli"
        },
        "content": ""
      },
      {
        "lineNumber": 62,
        "author": {
          "gitId": "needsmorechilli"
        },
        "content": "    public static void addTask(String description) {"
      },
      {
        "lineNumber": 63,
        "author": {
          "gitId": "needsmorechilli"
        },
        "content": "        Task t \u003d new Task(description);"
      },
      {
        "lineNumber": 64,
        "author": {
          "gitId": "needsmorechilli"
        },
        "content": "        store[count++] \u003d t;"
      },
      {
        "lineNumber": 65,
        "author": {
          "gitId": "needsmorechilli"
        },
        "content": "        System.out.println(\"added: \" + t);"
      },
      {
        "lineNumber": 66,
        "author": {
          "gitId": "needsmorechilli"
        },
        "content": "    }"
      },
      {
        "lineNumber": 67,
        "author": {
          "gitId": "needsmorechilli"
        },
        "content": ""
      },
      {
        "lineNumber": 68,
        "author": {
          "gitId": "needsmorechilli"
        },
        "content": "    public static void listTask() {"
      },
      {
        "lineNumber": 69,
        "author": {
          "gitId": "needsmorechilli"
        },
        "content": "        System.out.println(\"Here are the tasks in your list: \");"
      },
      {
        "lineNumber": 70,
        "author": {
          "gitId": "needsmorechilli"
        },
        "content": "        for (int a \u003d 0; a \u003c count; a++) {"
      },
      {
        "lineNumber": 71,
        "author": {
          "gitId": "needsmorechilli"
        },
        "content": "            Task t \u003d store[a];"
      },
      {
        "lineNumber": 72,
        "author": {
          "gitId": "needsmorechilli"
        },
        "content": "            System.out.println(a + 1 + \". \" + store[a]);"
      },
      {
        "lineNumber": 73,
        "author": {
          "gitId": "needsmorechilli"
        },
        "content": "        }"
      },
      {
        "lineNumber": 74,
        "author": {
          "gitId": "needsmorechilli"
        },
        "content": "    }"
      },
      {
        "lineNumber": 75,
        "author": {
          "gitId": "needsmorechilli"
        },
        "content": ""
      },
      {
        "lineNumber": 76,
        "author": {
          "gitId": "needsmorechilli"
        },
        "content": "    public static void Taskdone(String[] num){"
      },
      {
        "lineNumber": 77,
        "author": {
          "gitId": "needsmorechilli"
        },
        "content": "        System.out.println(\"Nice! I\u0027ve marked this task as done: \");"
      },
      {
        "lineNumber": 78,
        "author": {
          "gitId": "needsmorechilli"
        },
        "content": "        for (int i \u003d 1; i \u003c num.length; i++){ //skip 0 as text, looking for the number"
      },
      {
        "lineNumber": 79,
        "author": {
          "gitId": "needsmorechilli"
        },
        "content": "            int TaskNo \u003d Integer.parseInt(num[i]); //change string to No"
      },
      {
        "lineNumber": 80,
        "author": {
          "gitId": "needsmorechilli"
        },
        "content": "            if (store[TaskNo-1] !\u003d null ){ //to check that input is in list"
      },
      {
        "lineNumber": 81,
        "author": {
          "gitId": "needsmorechilli"
        },
        "content": "                Task t \u003d store[TaskNo-1];"
      },
      {
        "lineNumber": 82,
        "author": {
          "gitId": "needsmorechilli"
        },
        "content": "                t.markAsDone();"
      },
      {
        "lineNumber": 83,
        "author": {
          "gitId": "needsmorechilli"
        },
        "content": "                System.out.println( store[TaskNo-1]);"
      },
      {
        "lineNumber": 84,
        "author": {
          "gitId": "needsmorechilli"
        },
        "content": "            }"
      },
      {
        "lineNumber": 85,
        "author": {
          "gitId": "needsmorechilli"
        },
        "content": "        }"
      },
      {
        "lineNumber": 86,
        "author": {
          "gitId": "-"
        },
        "content": "    }"
      },
      {
        "lineNumber": 87,
        "author": {
          "gitId": "needsmorechilli"
        },
        "content": ""
      },
      {
        "lineNumber": 88,
        "author": {
          "gitId": "needsmorechilli"
        },
        "content": "    public static void ToDoTask(String description){"
      },
      {
        "lineNumber": 89,
        "author": {
          "gitId": "needsmorechilli"
        },
        "content": "        String[] td \u003d description.split(\"todo \"); //omit the first word"
      },
      {
        "lineNumber": 90,
        "author": {
          "gitId": "needsmorechilli"
        },
        "content": "        Task t \u003d new ToDo(td[1]);"
      },
      {
        "lineNumber": 91,
        "author": {
          "gitId": "needsmorechilli"
        },
        "content": "        store[count++] \u003d t;"
      },
      {
        "lineNumber": 92,
        "author": {
          "gitId": "needsmorechilli"
        },
        "content": "        System.out.println(\"Got it. I\u0027ve added this task: : \");"
      },
      {
        "lineNumber": 93,
        "author": {
          "gitId": "needsmorechilli"
        },
        "content": "        System.out.println(store[count-1]);"
      },
      {
        "lineNumber": 94,
        "author": {
          "gitId": "needsmorechilli"
        },
        "content": "        System.out.println(\"Now you have \" + count + \" tasks in the list.\");"
      },
      {
        "lineNumber": 95,
        "author": {
          "gitId": "-"
        },
        "content": "    }"
      },
      {
        "lineNumber": 96,
        "author": {
          "gitId": "needsmorechilli"
        },
        "content": ""
      },
      {
        "lineNumber": 97,
        "author": {
          "gitId": "needsmorechilli"
        },
        "content": "    public static void DeadlineTask(String description){"
      },
      {
        "lineNumber": 98,
        "author": {
          "gitId": "needsmorechilli"
        },
        "content": "        String[] due \u003d description.split(\"/by \");"
      },
      {
        "lineNumber": 99,
        "author": {
          "gitId": "needsmorechilli"
        },
        "content": "        Task t \u003d new Deadline(due[0],due[1]);"
      },
      {
        "lineNumber": 100,
        "author": {
          "gitId": "needsmorechilli"
        },
        "content": "        store[count++] \u003d t;"
      },
      {
        "lineNumber": 101,
        "author": {
          "gitId": "needsmorechilli"
        },
        "content": "        System.out.println(\"Got it. I\u0027ve added this task: : \");"
      },
      {
        "lineNumber": 102,
        "author": {
          "gitId": "needsmorechilli"
        },
        "content": "        System.out.println( store[count-1]);"
      },
      {
        "lineNumber": 103,
        "author": {
          "gitId": "needsmorechilli"
        },
        "content": "        System.out.println(\"Now you have \" + count + \" tasks in the list.\");"
      },
      {
        "lineNumber": 104,
        "author": {
          "gitId": "needsmorechilli"
        },
        "content": "    }"
      },
      {
        "lineNumber": 105,
        "author": {
          "gitId": "needsmorechilli"
        },
        "content": ""
      },
      {
        "lineNumber": 106,
        "author": {
          "gitId": "needsmorechilli"
        },
        "content": "    public static void EventTask(String description){"
      },
      {
        "lineNumber": 107,
        "author": {
          "gitId": "needsmorechilli"
        },
        "content": "        System.out.println(\"Got it. I\u0027ve added this task: : \");"
      },
      {
        "lineNumber": 108,
        "author": {
          "gitId": "needsmorechilli"
        },
        "content": "        String[] due \u003d description.split(\"/at \");"
      },
      {
        "lineNumber": 109,
        "author": {
          "gitId": "needsmorechilli"
        },
        "content": "        Task t \u003d new Event(due[0],due[1]);"
      },
      {
        "lineNumber": 110,
        "author": {
          "gitId": "needsmorechilli"
        },
        "content": "        store[count++] \u003d t;"
      },
      {
        "lineNumber": 111,
        "author": {
          "gitId": "needsmorechilli"
        },
        "content": "        System.out.println(\"Got it. I\u0027ve added this task: : \");"
      },
      {
        "lineNumber": 112,
        "author": {
          "gitId": "needsmorechilli"
        },
        "content": "        System.out.println( store[count-1]);"
      },
      {
        "lineNumber": 113,
        "author": {
          "gitId": "needsmorechilli"
        },
        "content": "        System.out.println(\"Now you have \" + count + \" tasks in the list.\");"
      },
      {
        "lineNumber": 114,
        "author": {
          "gitId": "-"
        },
        "content": "    }"
      },
      {
        "lineNumber": 115,
        "author": {
          "gitId": "-"
        },
        "content": "}"
      },
      {
        "lineNumber": 116,
        "author": {
          "gitId": "needsmorechilli"
        },
        "content": ""
      },
      {
        "lineNumber": 117,
        "author": {
          "gitId": "needsmorechilli"
        },
        "content": ""
      }
    ],
    "authorContributionMap": {
      "needsmorechilli": 105,
      "-": 12
    }
  },
  {
    "path": "src/main/java/DukeException.java",
    "fileType": "java",
    "lines": [
      {
        "lineNumber": 1,
        "author": {
          "gitId": "needsmorechilli"
        },
        "content": "public class DukeException extends Exception{"
      },
      {
        "lineNumber": 2,
        "author": {
          "gitId": "needsmorechilli"
        },
        "content": ""
      },
      {
        "lineNumber": 3,
        "author": {
          "gitId": "needsmorechilli"
        },
        "content": "}"
      }
    ],
    "authorContributionMap": {
      "needsmorechilli": 3
    }
  },
  {
    "path": "src/main/java/Event.java",
    "fileType": "java",
    "lines": [
      {
        "lineNumber": 1,
        "author": {
          "gitId": "needsmorechilli"
        },
        "content": "public class Event extends Task {"
      },
      {
        "lineNumber": 2,
        "author": {
          "gitId": "needsmorechilli"
        },
        "content": ""
      },
      {
        "lineNumber": 3,
        "author": {
          "gitId": "needsmorechilli"
        },
        "content": "    protected String at;"
      },
      {
        "lineNumber": 4,
        "author": {
          "gitId": "needsmorechilli"
        },
        "content": ""
      },
      {
        "lineNumber": 5,
        "author": {
          "gitId": "needsmorechilli"
        },
        "content": "    public Event(String description, String by) {"
      },
      {
        "lineNumber": 6,
        "author": {
          "gitId": "needsmorechilli"
        },
        "content": "        super(description);"
      },
      {
        "lineNumber": 7,
        "author": {
          "gitId": "needsmorechilli"
        },
        "content": "        this.at \u003d by;"
      },
      {
        "lineNumber": 8,
        "author": {
          "gitId": "needsmorechilli"
        },
        "content": "    }"
      },
      {
        "lineNumber": 9,
        "author": {
          "gitId": "needsmorechilli"
        },
        "content": ""
      },
      {
        "lineNumber": 10,
        "author": {
          "gitId": "needsmorechilli"
        },
        "content": "    @Override"
      },
      {
        "lineNumber": 11,
        "author": {
          "gitId": "needsmorechilli"
        },
        "content": "    public String toString() {"
      },
      {
        "lineNumber": 12,
        "author": {
          "gitId": "needsmorechilli"
        },
        "content": "        return \"[E]\" + super.toString() + \" (at: \" + at + \")\";"
      },
      {
        "lineNumber": 13,
        "author": {
          "gitId": "needsmorechilli"
        },
        "content": "    }"
      },
      {
        "lineNumber": 14,
        "author": {
          "gitId": "needsmorechilli"
        },
        "content": ""
      },
      {
        "lineNumber": 15,
        "author": {
          "gitId": "needsmorechilli"
        },
        "content": "}"
      }
    ],
    "authorContributionMap": {
      "needsmorechilli": 15
    }
  },
  {
    "path": "src/main/java/Task.java",
    "fileType": "java",
    "lines": [
      {
        "lineNumber": 1,
        "author": {
          "gitId": "needsmorechilli"
        },
        "content": "public class Task {"
      },
      {
        "lineNumber": 2,
        "author": {
          "gitId": "needsmorechilli"
        },
        "content": "    protected String description;"
      },
      {
        "lineNumber": 3,
        "author": {
          "gitId": "needsmorechilli"
        },
        "content": "    protected boolean isDone;"
      },
      {
        "lineNumber": 4,
        "author": {
          "gitId": "needsmorechilli"
        },
        "content": ""
      },
      {
        "lineNumber": 5,
        "author": {
          "gitId": "needsmorechilli"
        },
        "content": "    public Task(String description) {"
      },
      {
        "lineNumber": 6,
        "author": {
          "gitId": "needsmorechilli"
        },
        "content": "        this.description \u003d description;"
      },
      {
        "lineNumber": 7,
        "author": {
          "gitId": "needsmorechilli"
        },
        "content": "        this.isDone \u003d false;"
      },
      {
        "lineNumber": 8,
        "author": {
          "gitId": "needsmorechilli"
        },
        "content": "    }"
      },
      {
        "lineNumber": 9,
        "author": {
          "gitId": "needsmorechilli"
        },
        "content": ""
      },
      {
        "lineNumber": 10,
        "author": {
          "gitId": "needsmorechilli"
        },
        "content": "    public String getStatusIcon() {"
      },
      {
        "lineNumber": 11,
        "author": {
          "gitId": "needsmorechilli"
        },
        "content": "        return (isDone ? \"\\u2713\" : \"\\u2718\"); //return tick or X symbols"
      },
      {
        "lineNumber": 12,
        "author": {
          "gitId": "needsmorechilli"
        },
        "content": "    }"
      },
      {
        "lineNumber": 13,
        "author": {
          "gitId": "needsmorechilli"
        },
        "content": ""
      },
      {
        "lineNumber": 14,
        "author": {
          "gitId": "needsmorechilli"
        },
        "content": "    public void markAsDone(){"
      },
      {
        "lineNumber": 15,
        "author": {
          "gitId": "needsmorechilli"
        },
        "content": "        this.isDone \u003d true;"
      },
      {
        "lineNumber": 16,
        "author": {
          "gitId": "needsmorechilli"
        },
        "content": "    }"
      },
      {
        "lineNumber": 17,
        "author": {
          "gitId": "needsmorechilli"
        },
        "content": "    @Override"
      },
      {
        "lineNumber": 18,
        "author": {
          "gitId": "needsmorechilli"
        },
        "content": "    public String toString() {"
      },
      {
        "lineNumber": 19,
        "author": {
          "gitId": "needsmorechilli"
        },
        "content": "        return \"[\" + getStatusIcon() + \"] \" + this.description;"
      },
      {
        "lineNumber": 20,
        "author": {
          "gitId": "needsmorechilli"
        },
        "content": "    }"
      },
      {
        "lineNumber": 21,
        "author": {
          "gitId": "needsmorechilli"
        },
        "content": "}"
      }
    ],
    "authorContributionMap": {
      "needsmorechilli": 21
    }
  },
  {
    "path": "src/main/java/ToDo.java",
    "fileType": "java",
    "lines": [
      {
        "lineNumber": 1,
        "author": {
          "gitId": "needsmorechilli"
        },
        "content": "public class ToDo extends Task {"
      },
      {
        "lineNumber": 2,
        "author": {
          "gitId": "needsmorechilli"
        },
        "content": ""
      },
      {
        "lineNumber": 3,
        "author": {
          "gitId": "needsmorechilli"
        },
        "content": "    protected String description;"
      },
      {
        "lineNumber": 4,
        "author": {
          "gitId": "needsmorechilli"
        },
        "content": ""
      },
      {
        "lineNumber": 5,
        "author": {
          "gitId": "needsmorechilli"
        },
        "content": "    public ToDo(String description) {"
      },
      {
        "lineNumber": 6,
        "author": {
          "gitId": "needsmorechilli"
        },
        "content": "        super(description);"
      },
      {
        "lineNumber": 7,
        "author": {
          "gitId": "needsmorechilli"
        },
        "content": "    }"
      },
      {
        "lineNumber": 8,
        "author": {
          "gitId": "needsmorechilli"
        },
        "content": "    /*"
      },
      {
        "lineNumber": 9,
        "author": {
          "gitId": "needsmorechilli"
        },
        "content": "        System.out.println(\"Got it. I\u0027ve added this task: \");"
      },
      {
        "lineNumber": 10,
        "author": {
          "gitId": "needsmorechilli"
        },
        "content": "        System.out.println(\"    \" + \"[T] \" + \"[\" + store[TaskNo-1].getStatusIcon() + \"] \"+ store[TaskNo-1]););"
      },
      {
        "lineNumber": 11,
        "author": {
          "gitId": "needsmorechilli"
        },
        "content": "        for (int i \u003d 1; i \u003c num.length; i++){ //skip 0 as text, looking for the number"
      },
      {
        "lineNumber": 12,
        "author": {
          "gitId": "needsmorechilli"
        },
        "content": "            //int TaskNo \u003d Integer.parseInt(num[i]); //change string to No"
      },
      {
        "lineNumber": 13,
        "author": {
          "gitId": "needsmorechilli"
        },
        "content": "            if (store[TaskNo-1] !\u003d null ){ //to check that input is in list"
      },
      {
        "lineNumber": 14,
        "author": {
          "gitId": "needsmorechilli"
        },
        "content": "                Task t \u003d store[TaskNo-1];"
      },
      {
        "lineNumber": 15,
        "author": {
          "gitId": "needsmorechilli"
        },
        "content": "                t.markAsDone();"
      },
      {
        "lineNumber": 16,
        "author": {
          "gitId": "needsmorechilli"
        },
        "content": "                System.out.println(\"[\" + store[TaskNo-1].getStatusIcon() + \"] \"+ store[TaskNo-1]);"
      },
      {
        "lineNumber": 17,
        "author": {
          "gitId": "needsmorechilli"
        },
        "content": "            }"
      },
      {
        "lineNumber": 18,
        "author": {
          "gitId": "needsmorechilli"
        },
        "content": "        }"
      },
      {
        "lineNumber": 19,
        "author": {
          "gitId": "needsmorechilli"
        },
        "content": "    }*/"
      },
      {
        "lineNumber": 20,
        "author": {
          "gitId": "needsmorechilli"
        },
        "content": ""
      },
      {
        "lineNumber": 21,
        "author": {
          "gitId": "needsmorechilli"
        },
        "content": "    @Override"
      },
      {
        "lineNumber": 22,
        "author": {
          "gitId": "needsmorechilli"
        },
        "content": "    public String toString(){"
      },
      {
        "lineNumber": 23,
        "author": {
          "gitId": "needsmorechilli"
        },
        "content": "        return \"[T]\" + super.toString();"
      },
      {
        "lineNumber": 24,
        "author": {
          "gitId": "needsmorechilli"
        },
        "content": "    }"
      },
      {
        "lineNumber": 25,
        "author": {
          "gitId": "needsmorechilli"
        },
        "content": "}"
      },
      {
        "lineNumber": 26,
        "author": {
          "gitId": "needsmorechilli"
        },
        "content": ""
      }
    ],
    "authorContributionMap": {
      "needsmorechilli": 26
    }
  }
]
