{
  "authorDailyContributionsMap": {
    "needsmorechilli": [
      {
        "date": "2020-09-01",
        "commitResults": [
          {
            "hash": "2ef229410498cf1ede227e60c32e579f1678287e",
            "messageTitle": "level-1",
            "messageBody": "",
            "fileTypesAndContributionMap": {
              "java": {
                "insertions": 11,
                "deletions": 0
              }
            }
          },
          {
            "hash": "1084a492e349068296d5c177fc86d24123284ec8",
            "messageTitle": "level-2",
            "messageBody": "",
            "fileTypesAndContributionMap": {
              "java": {
                "insertions": 14,
                "deletions": 1
              }
            }
          }
        ]
      },
      {
        "date": "2020-10-26",
        "commitResults": [
          {
            "hash": "ce789bce60ccc67c628ba4d505240e74ffd26e92",
            "messageTitle": "A-classes",
            "messageBody": "",
            "fileTypesAndContributionMap": {
              "java": {
                "insertions": 21,
                "deletions": 0
              }
            }
          },
          {
            "hash": "3cb4d5ad0a1861b367f91bd9218bf38e9e400754",
            "messageTitle": "Level-3",
            "messageBody": "",
            "fileTypesAndContributionMap": {
              "java": {
                "insertions": 52,
                "deletions": 15
              }
            }
          }
        ]
      }
    ]
  },
  "authorFileTypeContributionMap": {
    "needsmorechilli": {
      "java": 82,
      "md": 0,
      "fxml": 0,
      "sh": 0,
      "bat": 0,
      "gradle": 0,
      "txt": 0
    }
  },
  "authorContributionVariance": {
    "needsmorechilli": 111.41052
  },
  "authorDisplayNameMap": {
    "needsmorechilli": "YEO ..ALIE"
  }
}
