{
  "authorDailyContributionsMap": {
    "needsmorechilli": [
      {
        "date": "2020-09-01",
        "commitResults": [
          {
            "hash": "2ef229410498cf1ede227e60c32e579f1678287e",
            "messageTitle": "level-1",
            "messageBody": "",
            "fileTypesAndContributionMap": {
              "java": {
                "insertions": 11,
                "deletions": 0
              }
            }
          },
          {
            "hash": "1084a492e349068296d5c177fc86d24123284ec8",
            "messageTitle": "level-2",
            "messageBody": "",
            "fileTypesAndContributionMap": {
              "java": {
                "insertions": 14,
                "deletions": 1
              }
            }
          }
        ]
      },
      {
        "date": "2020-10-26",
        "commitResults": [
          {
            "hash": "ce789bce60ccc67c628ba4d505240e74ffd26e92",
            "messageTitle": "A-classes",
            "messageBody": "",
            "fileTypesAndContributionMap": {
              "java": {
                "insertions": 21,
                "deletions": 0
              }
            }
          },
          {
            "hash": "3cb4d5ad0a1861b367f91bd9218bf38e9e400754",
            "messageTitle": "Level-3",
            "messageBody": "",
            "fileTypesAndContributionMap": {
              "java": {
                "insertions": 52,
                "deletions": 15
              }
            }
          }
        ]
      },
      {
        "date": "2020-10-31",
        "commitResults": [
          {
            "hash": "cc5e3263645b8e62a19dcb66d40a3f7ca319dd5a",
            "messageTitle": "Deadline, Event and ToDo class",
            "messageBody": "",
            "fileTypesAndContributionMap": {
              "java": {
                "insertions": 56,
                "deletions": 0
              }
            }
          },
          {
            "hash": "457b61c10255fa35ad29ede2c44c23ac887add48",
            "messageTitle": "Level-4",
            "messageBody": "",
            "fileTypesAndContributionMap": {
              "java": {
                "insertions": 42,
                "deletions": 3
              }
            }
          }
        ]
      },
      {
        "date": "2020-11-02",
        "commitResults": [
          {
            "hash": "5cf70e0fe37903e4a0e759a6d45799e939a90b70",
            "messageTitle": "A-Exception",
            "messageBody": "",
            "fileTypesAndContributionMap": {
              "java": {
                "insertions": 3,
                "deletions": 0
              }
            }
          },
          {
            "hash": "8e35c195af808dfb61e632cdce7e66817a3a8cc5",
            "messageTitle": "Level-5",
            "messageBody": "",
            "fileTypesAndContributionMap": {
              "java": {
                "insertions": 14,
                "deletions": 7
              }
            }
          }
        ]
      }
    ]
  },
  "authorFileTypeContributionMap": {
    "needsmorechilli": {
      "java": 185,
      "md": 0,
      "fxml": 0,
      "sh": 0,
      "bat": 0,
      "gradle": 0,
      "txt": 0
    }
  },
  "authorContributionVariance": {
    "needsmorechilli": 228.29385
  },
  "authorDisplayNameMap": {
    "needsmorechilli": "YEO ..ALIE"
  }
}
