{
  "authorDailyContributionsMap": {
    "donnusyu": [
      {
        "date": "2020-09-15",
        "commitResults": [
          {
            "hash": "a3ff5535abf379a040386dbb8fa428a79f187fc3",
            "messageTitle": "add Level-1 increment",
            "messageBody": "",
            "tags": [
              "Level-1"
            ],
            "fileTypesAndContributionMap": {
              "java": {
                "insertions": 17,
                "deletions": 6
              }
            }
          }
        ]
      },
      {
        "date": "2020-09-16",
        "commitResults": [
          {
            "hash": "4c382ed8b33544d28b35e31960f0f8aee06277ca",
            "messageTitle": "add Level-2 increment",
            "messageBody": "",
            "tags": [
              "Level-2"
            ],
            "fileTypesAndContributionMap": {
              "java": {
                "insertions": 13,
                "deletions": 0
              }
            }
          }
        ]
      },
      {
        "date": "2020-09-28",
        "commitResults": [
          {
            "hash": "fb0289c5065ae2b101fd6ebf9f276e14feca8063",
            "messageTitle": "add Task class",
            "messageBody": "",
            "fileTypesAndContributionMap": {
              "java": {
                "insertions": 17,
                "deletions": 0
              }
            }
          }
        ]
      },
      {
        "date": "2020-09-29",
        "commitResults": [
          {
            "hash": "0d410840227bfc2a056e8d1ffe7dbce8f384622e",
            "messageTitle": "override toString() method",
            "messageBody": "",
            "fileTypesAndContributionMap": {
              "java": {
                "insertions": 5,
                "deletions": 0
              }
            }
          },
          {
            "hash": "44ef67eedd13392a51a78dc42708dc0133e85e2e",
            "messageTitle": "add Level-3 increment",
            "messageBody": "",
            "tags": [
              "Level-3"
            ],
            "fileTypesAndContributionMap": {
              "java": {
                "insertions": 15,
                "deletions": 6
              }
            }
          }
        ]
      },
      {
        "date": "2020-10-24",
        "commitResults": [
          {
            "hash": "4dd7dde999c3d331816a4feec9bf410a456b92cf",
            "messageTitle": "add addTask()",
            "messageBody": "",
            "fileTypesAndContributionMap": {
              "java": {
                "insertions": 11,
                "deletions": 7
              }
            }
          }
        ]
      },
      {
        "date": "2020-10-25",
        "commitResults": [
          {
            "hash": "2dfc95d56f7a6453636d05cb1ddf01c12a5dfd9b",
            "messageTitle": "add printList(), taskDone(), numberOfTask() \u0026 Deadline class; modify main() \u0026 addTask()",
            "messageBody": "",
            "fileTypesAndContributionMap": {
              "java": {
                "insertions": 67,
                "deletions": 23
              }
            }
          },
          {
            "hash": "bf9685da540f53e888ae34e900da43f7ec9156df",
            "messageTitle": "add Event class, Todo class",
            "messageBody": "",
            "tags": [
              "Level-4"
            ],
            "fileTypesAndContributionMap": {
              "java": {
                "insertions": 25,
                "deletions": 0
              }
            }
          },
          {
            "hash": "acaed61ddf3ff630545bf9c8f4745d7635f5794e",
            "messageTitle": "add createNewTask()",
            "messageBody": "",
            "fileTypesAndContributionMap": {
              "java": {
                "insertions": 17,
                "deletions": 6
              }
            }
          }
        ]
      },
      {
        "date": "2020-10-26",
        "commitResults": [
          {
            "hash": "4111b5bcb5c82f768be26faaf80ebae09ec4e5f5",
            "messageTitle": "add keywords field \u0026 checkForError() method",
            "messageBody": "",
            "fileTypesAndContributionMap": {
              "java": {
                "insertions": 29,
                "deletions": 3
              }
            }
          },
          {
            "hash": "a76266410988718b8bc8dd8f8d3d8d2a02f23807",
            "messageTitle": "add DukeException class",
            "messageBody": "",
            "tags": [
              "Level-5"
            ],
            "fileTypesAndContributionMap": {
              "java": {
                "insertions": 7,
                "deletions": 0
              }
            }
          },
          {
            "hash": "61ffaa1320823bf4db5edd472238d70076a42d61",
            "messageTitle": "add deleteTask(), messageSplitter() \u0026 modify main()",
            "messageBody": "",
            "tags": [
              "Level-6"
            ],
            "fileTypesAndContributionMap": {
              "java": {
                "insertions": 17,
                "deletions": 2
              }
            }
          }
        ]
      },
      {
        "date": "2020-11-14",
        "commitResults": [
          {
            "hash": "044ee722a0d80a78570a0007c9f10ff75a2430a8",
            "messageTitle": "add packages",
            "messageBody": "",
            "fileTypesAndContributionMap": {
              "java": {
                "insertions": 18,
                "deletions": 3
              }
            }
          },
          {
            "hash": "68d824a7962de1f15c34e1ae01ed9e40296d4382",
            "messageTitle": "add TaskList class",
            "messageBody": "",
            "fileTypesAndContributionMap": {
              "java": {
                "insertions": 108,
                "deletions": 102
              }
            }
          }
        ]
      },
      {
        "date": "2020-11-15",
        "commitResults": [
          {
            "hash": "adc6506240ebd1c76aba9a4f04c83f6e31c601cf",
            "messageTitle": "added Command classes",
            "messageBody": "",
            "fileTypesAndContributionMap": {
              "java": {
                "insertions": 36,
                "deletions": 0
              }
            }
          },
          {
            "hash": "f34152cace4df791ea62dadcf692fca4c60e99ea",
            "messageTitle": "added Ui class",
            "messageBody": "",
            "fileTypesAndContributionMap": {
              "java": {
                "insertions": 56,
                "deletions": 0
              }
            }
          },
          {
            "hash": "9728f572cc54e98dac2f2e17b6198afe5b42c818",
            "messageTitle": "Add some OOP",
            "messageBody": "",
            "fileTypesAndContributionMap": {
              "java": {
                "insertions": 38,
                "deletions": 29
              }
            }
          },
          {
            "hash": "e3720a7d426617ebbc6b1c7e8971cd63c4e23d6a",
            "messageTitle": "added some javadoc comments",
            "messageBody": "",
            "fileTypesAndContributionMap": {
              "java": {
                "insertions": 11,
                "deletions": 0
              }
            }
          }
        ]
      }
    ]
  },
  "authorFileTypeContributionMap": {
    "donnusyu": {
      "java": 326,
      "md": 0,
      "fxml": 0,
      "sh": 0,
      "bat": 0,
      "gradle": 0,
      "txt": 0
    }
  },
  "authorContributionVariance": {
    "donnusyu": 1080.1298
  },
  "authorDisplayNameMap": {
    "donnusyu": "YU H.. HUI"
  }
}
