[
  {
    "path": "src/main/java/Duke.java",
    "fileType": "java",
    "lines": [
      {
        "lineNumber": 1,
        "author": {
          "gitId": "echizen92"
        },
        "content": "import java.time.LocalDateTime;"
      },
      {
        "lineNumber": 2,
        "author": {
          "gitId": "echizen92"
        },
        "content": "import java.time.format.DateTimeFormatter;"
      },
      {
        "lineNumber": 3,
        "author": {
          "gitId": "echizen92"
        },
        "content": "import java.util.Scanner;"
      },
      {
        "lineNumber": 4,
        "author": {
          "gitId": "echizen92"
        },
        "content": "import java.util.regex.Matcher;"
      },
      {
        "lineNumber": 5,
        "author": {
          "gitId": "echizen92"
        },
        "content": "import java.util.regex.Pattern;"
      },
      {
        "lineNumber": 6,
        "author": {
          "gitId": "echizen92"
        },
        "content": ""
      },
      {
        "lineNumber": 7,
        "author": {
          "gitId": "-"
        },
        "content": "public class Duke {"
      },
      {
        "lineNumber": 8,
        "author": {
          "gitId": "echizen92"
        },
        "content": ""
      },
      {
        "lineNumber": 9,
        "author": {
          "gitId": "echizen92"
        },
        "content": "    public static String humanName;"
      },
      {
        "lineNumber": 10,
        "author": {
          "gitId": "echizen92"
        },
        "content": "    public static int taskNumber;"
      },
      {
        "lineNumber": 11,
        "author": {
          "gitId": "echizen92"
        },
        "content": ""
      },
      {
        "lineNumber": 12,
        "author": {
          "gitId": "echizen92"
        },
        "content": "// Storing userSentence into list"
      },
      {
        "lineNumber": 13,
        "author": {
          "gitId": "echizen92"
        },
        "content": ""
      },
      {
        "lineNumber": 14,
        "author": {
          "gitId": "echizen92"
        },
        "content": "    public static Task[] storeList(Task[] listOfThings, String input) throws IllegalInputException { //listOfThings should be array class task?"
      },
      {
        "lineNumber": 15,
        "author": {
          "gitId": "echizen92"
        },
        "content": ""
      },
      {
        "lineNumber": 16,
        "author": {
          "gitId": "echizen92"
        },
        "content": "        int counter \u003d 0;"
      },
      {
        "lineNumber": 17,
        "author": {
          "gitId": "echizen92"
        },
        "content": "        int numbering \u003d 1;"
      },
      {
        "lineNumber": 18,
        "author": {
          "gitId": "echizen92"
        },
        "content": "        while (true) {"
      },
      {
        "lineNumber": 19,
        "author": {
          "gitId": "echizen92"
        },
        "content": "            //System.out.println(counter);"
      },
      {
        "lineNumber": 20,
        "author": {
          "gitId": "echizen92"
        },
        "content": "            //System.out.println(listOfThings);"
      },
      {
        "lineNumber": 21,
        "author": {
          "gitId": "echizen92"
        },
        "content": "            // set it to false here"
      },
      {
        "lineNumber": 22,
        "author": {
          "gitId": "echizen92"
        },
        "content": "            if (listOfThings[counter] \u003d\u003d null) {"
      },
      {
        "lineNumber": 23,
        "author": {
          "gitId": "echizen92"
        },
        "content": ""
      },
      {
        "lineNumber": 24,
        "author": {
          "gitId": "echizen92"
        },
        "content": "                listOfThings[counter] \u003d new Task(input);"
      },
      {
        "lineNumber": 25,
        "author": {
          "gitId": "echizen92"
        },
        "content": "                System.out.println(\"\\tGot it. I\u0027ve added this task: \");"
      },
      {
        "lineNumber": 26,
        "author": {
          "gitId": "echizen92"
        },
        "content": "                System.out.println(\"\\t\" + listOfThings[counter].getTag() +  \"[\" + listOfThings[counter].getStatusIcon() + \"] \" + listOfThings[counter].description +  listOfThings[counter].timeDate);"
      },
      {
        "lineNumber": 27,
        "author": {
          "gitId": "echizen92"
        },
        "content": "                System.out.println(\"\\tNow you have \" + numbering +\" task in the list \");"
      },
      {
        "lineNumber": 28,
        "author": {
          "gitId": "echizen92"
        },
        "content": "                break;"
      },
      {
        "lineNumber": 29,
        "author": {
          "gitId": "echizen92"
        },
        "content": "            }"
      },
      {
        "lineNumber": 30,
        "author": {
          "gitId": "echizen92"
        },
        "content": "            counter++;"
      },
      {
        "lineNumber": 31,
        "author": {
          "gitId": "echizen92"
        },
        "content": "            numbering++;"
      },
      {
        "lineNumber": 32,
        "author": {
          "gitId": "echizen92"
        },
        "content": ""
      },
      {
        "lineNumber": 33,
        "author": {
          "gitId": "echizen92"
        },
        "content": "        }//end while loop"
      },
      {
        "lineNumber": 34,
        "author": {
          "gitId": "echizen92"
        },
        "content": ""
      },
      {
        "lineNumber": 35,
        "author": {
          "gitId": "echizen92"
        },
        "content": "        return listOfThings;"
      },
      {
        "lineNumber": 36,
        "author": {
          "gitId": "-"
        },
        "content": "    }"
      },
      {
        "lineNumber": 37,
        "author": {
          "gitId": "echizen92"
        },
        "content": ""
      },
      {
        "lineNumber": 38,
        "author": {
          "gitId": "echizen92"
        },
        "content": ""
      },
      {
        "lineNumber": 39,
        "author": {
          "gitId": "echizen92"
        },
        "content": "    //print list"
      },
      {
        "lineNumber": 40,
        "author": {
          "gitId": "echizen92"
        },
        "content": "    public static void printListOfThings(Task[] listOfThings) {"
      },
      {
        "lineNumber": 41,
        "author": {
          "gitId": "echizen92"
        },
        "content": "        if (listOfThings[0] \u003d\u003d null) {"
      },
      {
        "lineNumber": 42,
        "author": {
          "gitId": "echizen92"
        },
        "content": "            System.out.println(humanName + \"\\tthe list is empty!\");"
      },
      {
        "lineNumber": 43,
        "author": {
          "gitId": "echizen92"
        },
        "content": "            return;"
      },
      {
        "lineNumber": 44,
        "author": {
          "gitId": "echizen92"
        },
        "content": "        }"
      },
      {
        "lineNumber": 45,
        "author": {
          "gitId": "echizen92"
        },
        "content": "        System.out.println(\"\\tHere are the tasks in your list: \");"
      },
      {
        "lineNumber": 46,
        "author": {
          "gitId": "echizen92"
        },
        "content": "        for (int i \u003d 1; i \u003c\u003d listOfThings.length; i++) {"
      },
      {
        "lineNumber": 47,
        "author": {
          "gitId": "echizen92"
        },
        "content": ""
      },
      {
        "lineNumber": 48,
        "author": {
          "gitId": "echizen92"
        },
        "content": "            System.out.println(\"\\t\" + i + \". \" + listOfThings[i-1].getTag() +  \"[\" + listOfThings[i-1].getStatusIcon() + \"] \" + listOfThings[i - 1].description );"
      },
      {
        "lineNumber": 49,
        "author": {
          "gitId": "echizen92"
        },
        "content": "            if (listOfThings[i] \u003d\u003d null) {"
      },
      {
        "lineNumber": 50,
        "author": {
          "gitId": "echizen92"
        },
        "content": "                System.out.println(\"\\tOk that\u0027s about everything!\");"
      },
      {
        "lineNumber": 51,
        "author": {
          "gitId": "echizen92"
        },
        "content": "                return;"
      },
      {
        "lineNumber": 52,
        "author": {
          "gitId": "echizen92"
        },
        "content": "            }"
      },
      {
        "lineNumber": 53,
        "author": {
          "gitId": "echizen92"
        },
        "content": "        }"
      },
      {
        "lineNumber": 54,
        "author": {
          "gitId": "echizen92"
        },
        "content": "    }"
      },
      {
        "lineNumber": 55,
        "author": {
          "gitId": "echizen92"
        },
        "content": ""
      },
      {
        "lineNumber": 56,
        "author": {
          "gitId": "echizen92"
        },
        "content": ""
      },
      {
        "lineNumber": 57,
        "author": {
          "gitId": "echizen92"
        },
        "content": "    public static Task[] echoCommands(Task[] listOfThings) throws IllegalInputException {"
      },
      {
        "lineNumber": 58,
        "author": {
          "gitId": "echizen92"
        },
        "content": ""
      },
      {
        "lineNumber": 59,
        "author": {
          "gitId": "echizen92"
        },
        "content": "        //int taskNumber;"
      },
      {
        "lineNumber": 60,
        "author": {
          "gitId": "echizen92"
        },
        "content": ""
      },
      {
        "lineNumber": 61,
        "author": {
          "gitId": "echizen92"
        },
        "content": "        String userSentence;"
      },
      {
        "lineNumber": 62,
        "author": {
          "gitId": "echizen92"
        },
        "content": "        Scanner input \u003d new Scanner(System.in);"
      },
      {
        "lineNumber": 63,
        "author": {
          "gitId": "echizen92"
        },
        "content": "        userSentence \u003d input.nextLine();"
      },
      {
        "lineNumber": 64,
        "author": {
          "gitId": "echizen92"
        },
        "content": ""
      },
      {
        "lineNumber": 65,
        "author": {
          "gitId": "echizen92"
        },
        "content": "        Pattern pattern1 \u003d Pattern.compile((\".*\" + \"bye\" + \".*\"), Pattern.CASE_INSENSITIVE);"
      },
      {
        "lineNumber": 66,
        "author": {
          "gitId": "echizen92"
        },
        "content": "        Matcher matcher1 \u003d pattern1.matcher(userSentence);"
      },
      {
        "lineNumber": 67,
        "author": {
          "gitId": "echizen92"
        },
        "content": "        if (matcher1.find()) {"
      },
      {
        "lineNumber": 68,
        "author": {
          "gitId": "echizen92"
        },
        "content": "            System.out.println(\"\\tBye! Hope to see you again soon \" + humanName);"
      },
      {
        "lineNumber": 69,
        "author": {
          "gitId": "echizen92"
        },
        "content": "            System.exit(0);"
      },
      {
        "lineNumber": 70,
        "author": {
          "gitId": "echizen92"
        },
        "content": "        }"
      },
      {
        "lineNumber": 71,
        "author": {
          "gitId": "echizen92"
        },
        "content": ""
      },
      {
        "lineNumber": 72,
        "author": {
          "gitId": "echizen92"
        },
        "content": "        Pattern pattern2 \u003d Pattern.compile((\".*\" + \"list\" + \".*\"), Pattern.CASE_INSENSITIVE);"
      },
      {
        "lineNumber": 73,
        "author": {
          "gitId": "echizen92"
        },
        "content": "        Matcher matcher2 \u003d pattern2.matcher(userSentence);"
      },
      {
        "lineNumber": 74,
        "author": {
          "gitId": "echizen92"
        },
        "content": "        Pattern pattern3 \u003d Pattern.compile((\".*\" + \"done\" + \".*\"), Pattern.CASE_INSENSITIVE);"
      },
      {
        "lineNumber": 75,
        "author": {
          "gitId": "echizen92"
        },
        "content": "        Matcher matcher3 \u003d pattern3.matcher(userSentence);"
      },
      {
        "lineNumber": 76,
        "author": {
          "gitId": "echizen92"
        },
        "content": "        if (matcher2.find()) {"
      },
      {
        "lineNumber": 77,
        "author": {
          "gitId": "echizen92"
        },
        "content": "            printListOfThings(listOfThings); //"
      },
      {
        "lineNumber": 78,
        "author": {
          "gitId": "echizen92"
        },
        "content": "        }"
      },
      {
        "lineNumber": 79,
        "author": {
          "gitId": "echizen92"
        },
        "content": "        else if (matcher3.find()){"
      },
      {
        "lineNumber": 80,
        "author": {
          "gitId": "echizen92"
        },
        "content": "            Pattern pattern \u003d Pattern.compile(\"[^0-9]\");"
      },
      {
        "lineNumber": 81,
        "author": {
          "gitId": "echizen92"
        },
        "content": "            String numberOnly \u003d pattern.matcher(userSentence).replaceAll(\"\");"
      },
      {
        "lineNumber": 82,
        "author": {
          "gitId": "echizen92"
        },
        "content": "            taskNumber \u003d Integer.parseInt(numberOnly);"
      },
      {
        "lineNumber": 83,
        "author": {
          "gitId": "echizen92"
        },
        "content": "            System.out.println(\"\\tNice! I\u0027ve marked this task as done: \");"
      },
      {
        "lineNumber": 84,
        "author": {
          "gitId": "echizen92"
        },
        "content": "            listOfThings[taskNumber-1].isDone \u003d true; // not sure about this"
      },
      {
        "lineNumber": 85,
        "author": {
          "gitId": "echizen92"
        },
        "content": "            System.out.println(listOfThings[taskNumber-1].getTag()+\" [\"+listOfThings[taskNumber-1].getStatusIcon()+\"] \"+ listOfThings[taskNumber - 1].description );"
      },
      {
        "lineNumber": 86,
        "author": {
          "gitId": "echizen92"
        },
        "content": "        }"
      },
      {
        "lineNumber": 87,
        "author": {
          "gitId": "echizen92"
        },
        "content": "        else{"
      },
      {
        "lineNumber": 88,
        "author": {
          "gitId": "echizen92"
        },
        "content": "            listOfThings \u003d storeList(listOfThings, userSentence);"
      },
      {
        "lineNumber": 89,
        "author": {
          "gitId": "echizen92"
        },
        "content": ""
      },
      {
        "lineNumber": 90,
        "author": {
          "gitId": "echizen92"
        },
        "content": "        }"
      },
      {
        "lineNumber": 91,
        "author": {
          "gitId": "echizen92"
        },
        "content": ""
      },
      {
        "lineNumber": 92,
        "author": {
          "gitId": "echizen92"
        },
        "content": "            return listOfThings;"
      },
      {
        "lineNumber": 93,
        "author": {
          "gitId": "echizen92"
        },
        "content": "        }"
      },
      {
        "lineNumber": 94,
        "author": {
          "gitId": "echizen92"
        },
        "content": ""
      },
      {
        "lineNumber": 95,
        "author": {
          "gitId": "echizen92"
        },
        "content": ""
      },
      {
        "lineNumber": 96,
        "author": {
          "gitId": "echizen92"
        },
        "content": ""
      },
      {
        "lineNumber": 97,
        "author": {
          "gitId": "echizen92"
        },
        "content": "        public static void main (String[] args) throws IllegalInputException {"
      },
      {
        "lineNumber": 98,
        "author": {
          "gitId": "echizen92"
        },
        "content": "            Task[] List \u003d new Task[100];"
      },
      {
        "lineNumber": 99,
        "author": {
          "gitId": "echizen92"
        },
        "content": ""
      },
      {
        "lineNumber": 100,
        "author": {
          "gitId": "-"
        },
        "content": "            String logo \u003d \" ____        _        \\n\""
      },
      {
        "lineNumber": 101,
        "author": {
          "gitId": "-"
        },
        "content": "                    + \"|  _ \\\\ _   _| | _____ \\n\""
      },
      {
        "lineNumber": 102,
        "author": {
          "gitId": "-"
        },
        "content": "                    + \"| | | | | | | |/ / _ \\\\\\n\""
      },
      {
        "lineNumber": 103,
        "author": {
          "gitId": "-"
        },
        "content": "                    + \"| |_| | |_| |   \u003c  __/\\n\""
      },
      {
        "lineNumber": 104,
        "author": {
          "gitId": "-"
        },
        "content": "                    + \"|____/ \\\\__,_|_|\\\\_\\\\___|\\n\";"
      },
      {
        "lineNumber": 105,
        "author": {
          "gitId": "-"
        },
        "content": "            System.out.println(\"Hello from\\n\" + logo);"
      },
      {
        "lineNumber": 106,
        "author": {
          "gitId": "echizen92"
        },
        "content": ""
      },
      {
        "lineNumber": 107,
        "author": {
          "gitId": "echizen92"
        },
        "content": "            //yyyy/MM/dd"
      },
      {
        "lineNumber": 108,
        "author": {
          "gitId": "echizen92"
        },
        "content": "            System.out.println(\"\\tHello! I\u0027m Duke\\n\\tWhat is your name?\");"
      },
      {
        "lineNumber": 109,
        "author": {
          "gitId": "echizen92"
        },
        "content": ""
      },
      {
        "lineNumber": 110,
        "author": {
          "gitId": "echizen92"
        },
        "content": ""
      },
      {
        "lineNumber": 111,
        "author": {
          "gitId": "echizen92"
        },
        "content": "            DateTimeFormatter dtf \u003d DateTimeFormatter.ofPattern(\"dd/MM/yyyy HH:mm:ss\");"
      },
      {
        "lineNumber": 112,
        "author": {
          "gitId": "echizen92"
        },
        "content": "            LocalDateTime now \u003d LocalDateTime.now();"
      },
      {
        "lineNumber": 113,
        "author": {
          "gitId": "echizen92"
        },
        "content": ""
      },
      {
        "lineNumber": 114,
        "author": {
          "gitId": "echizen92"
        },
        "content": "            //String humanName;"
      },
      {
        "lineNumber": 115,
        "author": {
          "gitId": "echizen92"
        },
        "content": "            Scanner in \u003d new Scanner(System.in);"
      },
      {
        "lineNumber": 116,
        "author": {
          "gitId": "echizen92"
        },
        "content": "            System.out.println(\"What is your name?\\n\");"
      },
      {
        "lineNumber": 117,
        "author": {
          "gitId": "echizen92"
        },
        "content": "            humanName \u003d in.nextLine();"
      },
      {
        "lineNumber": 118,
        "author": {
          "gitId": "echizen92"
        },
        "content": ""
      },
      {
        "lineNumber": 119,
        "author": {
          "gitId": "echizen92"
        },
        "content": "            System.out.println(humanName + \" today is: \" + (dtf.format(now)));"
      },
      {
        "lineNumber": 120,
        "author": {
          "gitId": "echizen92"
        },
        "content": "            System.out.println(\"What can I do for you?\\n\");"
      },
      {
        "lineNumber": 121,
        "author": {
          "gitId": "echizen92"
        },
        "content": "            //Maybe list out supported commands?"
      },
      {
        "lineNumber": 122,
        "author": {
          "gitId": "echizen92"
        },
        "content": ""
      },
      {
        "lineNumber": 123,
        "author": {
          "gitId": "echizen92"
        },
        "content": "            while (true) {"
      },
      {
        "lineNumber": 124,
        "author": {
          "gitId": "echizen92"
        },
        "content": "                //echoCommands();"
      },
      {
        "lineNumber": 125,
        "author": {
          "gitId": "echizen92"
        },
        "content": "                List \u003d echoCommands(List);"
      },
      {
        "lineNumber": 126,
        "author": {
          "gitId": "echizen92"
        },
        "content": "            }"
      },
      {
        "lineNumber": 127,
        "author": {
          "gitId": "echizen92"
        },
        "content": ""
      },
      {
        "lineNumber": 128,
        "author": {
          "gitId": "echizen92"
        },
        "content": ""
      },
      {
        "lineNumber": 129,
        "author": {
          "gitId": "-"
        },
        "content": "        }"
      },
      {
        "lineNumber": 130,
        "author": {
          "gitId": "echizen92"
        },
        "content": ""
      },
      {
        "lineNumber": 131,
        "author": {
          "gitId": "-"
        },
        "content": "}"
      }
    ],
    "authorContributionMap": {
      "echizen92": 121,
      "-": 10
    }
  },
  {
    "path": "src/main/java/IllegalInputException.java",
    "fileType": "java",
    "lines": [
      {
        "lineNumber": 1,
        "author": {
          "gitId": "echizen92"
        },
        "content": "public class IllegalInputException extends Exception {"
      },
      {
        "lineNumber": 2,
        "author": {
          "gitId": "echizen92"
        },
        "content": ""
      },
      {
        "lineNumber": 3,
        "author": {
          "gitId": "echizen92"
        },
        "content": "    // for todo, event, and deadline"
      },
      {
        "lineNumber": 4,
        "author": {
          "gitId": "echizen92"
        },
        "content": ""
      },
      {
        "lineNumber": 5,
        "author": {
          "gitId": "echizen92"
        },
        "content": "}"
      }
    ],
    "authorContributionMap": {
      "echizen92": 5
    }
  },
  {
    "path": "src/main/java/Task.java",
    "fileType": "java",
    "lines": [
      {
        "lineNumber": 1,
        "author": {
          "gitId": "echizen92"
        },
        "content": "import java.util.regex.Matcher;"
      },
      {
        "lineNumber": 2,
        "author": {
          "gitId": "echizen92"
        },
        "content": "import java.util.regex.Pattern;"
      },
      {
        "lineNumber": 3,
        "author": {
          "gitId": "echizen92"
        },
        "content": ""
      },
      {
        "lineNumber": 4,
        "author": {
          "gitId": "echizen92"
        },
        "content": "public class Task {"
      },
      {
        "lineNumber": 5,
        "author": {
          "gitId": "echizen92"
        },
        "content": "    protected String description;"
      },
      {
        "lineNumber": 6,
        "author": {
          "gitId": "echizen92"
        },
        "content": "    protected boolean isDone;"
      },
      {
        "lineNumber": 7,
        "author": {
          "gitId": "echizen92"
        },
        "content": "    protected String whatTag;"
      },
      {
        "lineNumber": 8,
        "author": {
          "gitId": "echizen92"
        },
        "content": "    protected String timeDate;"
      },
      {
        "lineNumber": 9,
        "author": {
          "gitId": "echizen92"
        },
        "content": ""
      },
      {
        "lineNumber": 10,
        "author": {
          "gitId": "echizen92"
        },
        "content": ""
      },
      {
        "lineNumber": 11,
        "author": {
          "gitId": "echizen92"
        },
        "content": ""
      },
      {
        "lineNumber": 12,
        "author": {
          "gitId": "echizen92"
        },
        "content": "    public Task(String description) throws IllegalInputException {"
      },
      {
        "lineNumber": 13,
        "author": {
          "gitId": "echizen92"
        },
        "content": ""
      },
      {
        "lineNumber": 14,
        "author": {
          "gitId": "echizen92"
        },
        "content": ""
      },
      {
        "lineNumber": 15,
        "author": {
          "gitId": "echizen92"
        },
        "content": "         this.isDone \u003d false;"
      },
      {
        "lineNumber": 16,
        "author": {
          "gitId": "echizen92"
        },
        "content": "         Pattern pattern \u003d Pattern.compile((\".*\" + \"todo\" + \".*\"), Pattern.CASE_INSENSITIVE);"
      },
      {
        "lineNumber": 17,
        "author": {
          "gitId": "echizen92"
        },
        "content": "         Matcher matcher \u003d pattern.matcher(description);"
      },
      {
        "lineNumber": 18,
        "author": {
          "gitId": "echizen92"
        },
        "content": "         Pattern pattern2 \u003d Pattern.compile((\".*\" + \"deadline\" + \".*\"), Pattern.CASE_INSENSITIVE);"
      },
      {
        "lineNumber": 19,
        "author": {
          "gitId": "echizen92"
        },
        "content": "         Matcher matcher2 \u003d pattern2.matcher(description);"
      },
      {
        "lineNumber": 20,
        "author": {
          "gitId": "echizen92"
        },
        "content": "         Pattern pattern3 \u003d Pattern.compile((\".*\" + \"Event\" + \".*\"), Pattern.CASE_INSENSITIVE);"
      },
      {
        "lineNumber": 21,
        "author": {
          "gitId": "echizen92"
        },
        "content": "         Matcher matcher3 \u003d pattern3.matcher(description);"
      },
      {
        "lineNumber": 22,
        "author": {
          "gitId": "echizen92"
        },
        "content": "         if (matcher.find()) {"
      },
      {
        "lineNumber": 23,
        "author": {
          "gitId": "echizen92"
        },
        "content": "             //todo"
      },
      {
        "lineNumber": 24,
        "author": {
          "gitId": "echizen92"
        },
        "content": "            //implement a split"
      },
      {
        "lineNumber": 25,
        "author": {
          "gitId": "echizen92"
        },
        "content": "             String[] temp;"
      },
      {
        "lineNumber": 26,
        "author": {
          "gitId": "echizen92"
        },
        "content": "             temp \u003d description.split(\"\\\\s\",2);"
      },
      {
        "lineNumber": 27,
        "author": {
          "gitId": "echizen92"
        },
        "content": "             if (temp.length \u003d\u003d 1){"
      },
      {
        "lineNumber": 28,
        "author": {
          "gitId": "echizen92"
        },
        "content": "                 System.out.println(\"Description cannot be empty\");"
      },
      {
        "lineNumber": 29,
        "author": {
          "gitId": "echizen92"
        },
        "content": "                 throw new IllegalInputException();"
      },
      {
        "lineNumber": 30,
        "author": {
          "gitId": "echizen92"
        },
        "content": "             }"
      },
      {
        "lineNumber": 31,
        "author": {
          "gitId": "echizen92"
        },
        "content": "             this.description \u003d temp[1];"
      },
      {
        "lineNumber": 32,
        "author": {
          "gitId": "echizen92"
        },
        "content": "             this.whatTag \u003d \"[T]\";"
      },
      {
        "lineNumber": 33,
        "author": {
          "gitId": "echizen92"
        },
        "content": "             this.timeDate \u003d\"\";"
      },
      {
        "lineNumber": 34,
        "author": {
          "gitId": "echizen92"
        },
        "content": "             if (this.description.isBlank() \u003d\u003d true){"
      },
      {
        "lineNumber": 35,
        "author": {
          "gitId": "echizen92"
        },
        "content": "                 System.out.println(\"☹ OOPS!!! The description of a todo cannot be empty.\");"
      },
      {
        "lineNumber": 36,
        "author": {
          "gitId": "echizen92"
        },
        "content": "                 throw new IllegalInputException();"
      },
      {
        "lineNumber": 37,
        "author": {
          "gitId": "echizen92"
        },
        "content": "             }"
      },
      {
        "lineNumber": 38,
        "author": {
          "gitId": "echizen92"
        },
        "content": "         }"
      },
      {
        "lineNumber": 39,
        "author": {
          "gitId": "echizen92"
        },
        "content": "        else if (matcher2.find()) {"
      },
      {
        "lineNumber": 40,
        "author": {
          "gitId": "echizen92"
        },
        "content": "            //deadline"
      },
      {
        "lineNumber": 41,
        "author": {
          "gitId": "echizen92"
        },
        "content": "             String[] temp;"
      },
      {
        "lineNumber": 42,
        "author": {
          "gitId": "echizen92"
        },
        "content": "             temp \u003d description.split(\"\\\\s\",2);"
      },
      {
        "lineNumber": 43,
        "author": {
          "gitId": "echizen92"
        },
        "content": "             this.description \u003d temp[1];"
      },
      {
        "lineNumber": 44,
        "author": {
          "gitId": "echizen92"
        },
        "content": "             this.whatTag \u003d \"[D]\";"
      },
      {
        "lineNumber": 45,
        "author": {
          "gitId": "echizen92"
        },
        "content": "             temp \u003d this.description.split(\"/by\",2);"
      },
      {
        "lineNumber": 46,
        "author": {
          "gitId": "echizen92"
        },
        "content": "             this.description \u003d temp[0];"
      },
      {
        "lineNumber": 47,
        "author": {
          "gitId": "echizen92"
        },
        "content": "             this.timeDate\u003dtemp[1];"
      },
      {
        "lineNumber": 48,
        "author": {
          "gitId": "echizen92"
        },
        "content": "             this.timeDate\u003d\"(by:\"+this.timeDate+\")\";"
      },
      {
        "lineNumber": 49,
        "author": {
          "gitId": "echizen92"
        },
        "content": "         }"
      },
      {
        "lineNumber": 50,
        "author": {
          "gitId": "echizen92"
        },
        "content": "         else if (matcher3.find()) { //event"
      },
      {
        "lineNumber": 51,
        "author": {
          "gitId": "echizen92"
        },
        "content": "             String[] temp;"
      },
      {
        "lineNumber": 52,
        "author": {
          "gitId": "echizen92"
        },
        "content": "             temp \u003d description.split(\"\\\\s\",2);"
      },
      {
        "lineNumber": 53,
        "author": {
          "gitId": "echizen92"
        },
        "content": "             this.description \u003d temp[1];"
      },
      {
        "lineNumber": 54,
        "author": {
          "gitId": "echizen92"
        },
        "content": "             this.whatTag \u003d \"[E]\";"
      },
      {
        "lineNumber": 55,
        "author": {
          "gitId": "echizen92"
        },
        "content": "             temp \u003d this.description.split(\"/at\",2);"
      },
      {
        "lineNumber": 56,
        "author": {
          "gitId": "echizen92"
        },
        "content": "             this.description \u003d temp[0];"
      },
      {
        "lineNumber": 57,
        "author": {
          "gitId": "echizen92"
        },
        "content": "             this.timeDate\u003dtemp[1];"
      },
      {
        "lineNumber": 58,
        "author": {
          "gitId": "echizen92"
        },
        "content": "             this.timeDate\u003d\"(at:\"+this.timeDate+\")\";"
      },
      {
        "lineNumber": 59,
        "author": {
          "gitId": "echizen92"
        },
        "content": "         }"
      },
      {
        "lineNumber": 60,
        "author": {
          "gitId": "echizen92"
        },
        "content": "         else {"
      },
      {
        "lineNumber": 61,
        "author": {
          "gitId": "echizen92"
        },
        "content": "             System.out.println(\"☹ OOPS!!! I\u0027m sorry, but I don\u0027t know what that means :-(\");"
      },
      {
        "lineNumber": 62,
        "author": {
          "gitId": "echizen92"
        },
        "content": "             throw new IllegalInputException();"
      },
      {
        "lineNumber": 63,
        "author": {
          "gitId": "echizen92"
        },
        "content": "         }"
      },
      {
        "lineNumber": 64,
        "author": {
          "gitId": "echizen92"
        },
        "content": "    }"
      },
      {
        "lineNumber": 65,
        "author": {
          "gitId": "echizen92"
        },
        "content": ""
      },
      {
        "lineNumber": 66,
        "author": {
          "gitId": "echizen92"
        },
        "content": ""
      },
      {
        "lineNumber": 67,
        "author": {
          "gitId": "echizen92"
        },
        "content": "    public String getStatusIcon() {"
      },
      {
        "lineNumber": 68,
        "author": {
          "gitId": "echizen92"
        },
        "content": "        return (isDone ? \"\\u2713\" : \"\\u2718\"); //return tick or X symbols"
      },
      {
        "lineNumber": 69,
        "author": {
          "gitId": "echizen92"
        },
        "content": "    }"
      },
      {
        "lineNumber": 70,
        "author": {
          "gitId": "echizen92"
        },
        "content": "    public String getTag(){"
      },
      {
        "lineNumber": 71,
        "author": {
          "gitId": "echizen92"
        },
        "content": "        return (whatTag);"
      },
      {
        "lineNumber": 72,
        "author": {
          "gitId": "echizen92"
        },
        "content": "    }"
      },
      {
        "lineNumber": 73,
        "author": {
          "gitId": "echizen92"
        },
        "content": ""
      },
      {
        "lineNumber": 74,
        "author": {
          "gitId": "echizen92"
        },
        "content": "}"
      }
    ],
    "authorContributionMap": {
      "echizen92": 74
    }
  }
]
