{
  "authorDailyContributionsMap": {
    "echizen92": [
      {
        "date": "2020-08-31",
        "commitResults": [
          {
            "hash": "aeed1b0637a915aae536f72fd4a50ef301aa11fa",
            "messageTitle": "level 1 of Duke",
            "messageBody": "",
            "tags": [
              "Level-1"
            ],
            "fileTypesAndContributionMap": {
              "java": {
                "insertions": 69,
                "deletions": 0
              }
            }
          },
          {
            "hash": "6736ba3d992503fa8fdfcb1db10f36db6fa806c9",
            "messageTitle": "Level-2 commit",
            "messageBody": "",
            "tags": [
              "Level-2"
            ],
            "fileTypesAndContributionMap": {
              "java": {
                "insertions": 51,
                "deletions": 7
              }
            }
          }
        ]
      },
      {
        "date": "2020-09-13",
        "commitResults": [
          {
            "hash": "5e6e443f25a87378520e08fec32e8a93a840f9e4",
            "messageTitle": "Level-3 still in works",
            "messageBody": "",
            "tags": [
              "Level-3.1",
              "Level-3"
            ],
            "fileTypesAndContributionMap": {
              "java": {
                "insertions": 31,
                "deletions": 25
              }
            }
          },
          {
            "hash": "efecfdcdfb76768edbbd1db46c2bc02986787d3e",
            "messageTitle": "task.java",
            "messageBody": "",
            "tags": [
              "level-3.2-task.java"
            ],
            "fileTypesAndContributionMap": {
              "java": {
                "insertions": 14,
                "deletions": 0
              }
            }
          },
          {
            "hash": "0165d62fbb1f950bb9071581a154d9a380f316a7",
            "messageTitle": "Level-3 out of bound error",
            "messageBody": "",
            "fileTypesAndContributionMap": {
              "java": {
                "insertions": 52,
                "deletions": 50
              }
            }
          },
          {
            "hash": "3ccf2cb1e001fedac67ad657136650f70425ac8d",
            "messageTitle": "Remove constructor",
            "messageBody": "",
            "fileTypesAndContributionMap": {
              "java": {
                "insertions": 8,
                "deletions": 0
              }
            }
          },
          {
            "hash": "d9a8aa0968582e322984dfd3ed4f53a8c61f1b53",
            "messageTitle": "Level-3 storing breaks",
            "messageBody": "",
            "fileTypesAndContributionMap": {
              "java": {
                "insertions": 6,
                "deletions": 1
              }
            }
          }
        ]
      },
      {
        "date": "2020-09-14",
        "commitResults": [
          {
            "hash": "9f7c8088433f3c1132751683fb60f3642ec5728b",
            "messageTitle": "Level-3 storing works",
            "messageBody": "",
            "fileTypesAndContributionMap": {
              "java": {
                "insertions": 3,
                "deletions": 3
              }
            }
          },
          {
            "hash": "d7b1c914e6e543be4eb9912f7fbfa3e830e4c56e",
            "messageTitle": "Level-3 return a false for task",
            "messageBody": "",
            "fileTypesAndContributionMap": {
              "java": {
                "insertions": 1,
                "deletions": 1
              }
            }
          }
        ]
      },
      {
        "date": "2020-09-25",
        "commitResults": [
          {
            "hash": "d674e7a27991fcb029a6f2386e4b6ba37527a87e",
            "messageTitle": "fixed issue where after inputting list it adds\"list\"",
            "messageBody": "",
            "fileTypesAndContributionMap": {
              "java": {
                "insertions": 8,
                "deletions": 6
              }
            }
          },
          {
            "hash": "1bd0ddb1230eda2398af771bb7da0f00dd631bd0",
            "messageTitle": "Level 4",
            "messageBody": "",
            "tags": [
              "Level-4"
            ],
            "fileTypesAndContributionMap": {
              "java": {
                "insertions": 18,
                "deletions": 17
              }
            }
          },
          {
            "hash": "218ec5cd9ae1adb8ea6de21b6bf02272a10447a8",
            "messageTitle": "Updated task.java for level 4 implementation",
            "messageBody": "",
            "tags": [
              "Task-level-4"
            ],
            "fileTypesAndContributionMap": {
              "java": {
                "insertions": 28,
                "deletions": 1
              }
            }
          }
        ]
      },
      {
        "date": "2020-09-26",
        "commitResults": [
          {
            "hash": "f976fc43e1eb366960c9c78c001016ee8e065882",
            "messageTitle": "Updated task.java for level 4 implementation without use of inheritance",
            "messageBody": "",
            "fileTypesAndContributionMap": {
              "java": {
                "insertions": 24,
                "deletions": 4
              }
            }
          },
          {
            "hash": "b2747a1459114c52dbc18d1e2267a25be4223c33",
            "messageTitle": "Level-4",
            "messageBody": "",
            "fileTypesAndContributionMap": {
              "java": {
                "insertions": 3,
                "deletions": 10
              }
            }
          },
          {
            "hash": "dc061cb8ac691805be086b5c8ebfde30403c229f",
            "messageTitle": "exception class",
            "messageBody": "",
            "tags": [
              "exceptions"
            ],
            "fileTypesAndContributionMap": {
              "java": {
                "insertions": 5,
                "deletions": 0
              }
            }
          },
          {
            "hash": "2f9a07cfaad603cb3bf648363052ae7290eb4992",
            "messageTitle": "Level 5",
            "messageBody": "",
            "tags": [
              "Level-5"
            ],
            "fileTypesAndContributionMap": {
              "java": {
                "insertions": 16,
                "deletions": 12
              }
            }
          },
          {
            "hash": "ea42f51a0a8dd1689342da7ccc20a8c3f51016a1",
            "messageTitle": "throws illegalinputexceptions",
            "messageBody": "",
            "fileTypesAndContributionMap": {
              "java": {
                "insertions": 5,
                "deletions": 5
              }
            }
          }
        ]
      },
      {
        "date": "2020-10-26",
        "commitResults": [
          {
            "hash": "0a176e11090d8d2f49492d983b6275461d305847",
            "messageTitle": "level 6",
            "messageBody": "",
            "tags": [
              "Level-6"
            ],
            "fileTypesAndContributionMap": {
              "java": {
                "insertions": 18,
                "deletions": 5
              }
            }
          }
        ]
      },
      {
        "date": "2020-10-27",
        "commitResults": [
          {
            "hash": "f3d393a2ad759b8b8faf9ea27baef1ced1b2fa75",
            "messageTitle": "level 6 fixed bugs with storing and delete",
            "messageBody": "",
            "fileTypesAndContributionMap": {
              "java": {
                "insertions": 56,
                "deletions": 34
              }
            }
          }
        ]
      },
      {
        "date": "2020-11-01",
        "commitResults": [
          {
            "hash": "f1dff8363f252dca476a9b16f99ee6df3d2dd9ae",
            "messageTitle": "this is old level 7 attempt",
            "messageBody": "",
            "fileTypesAndContributionMap": {
              "java": {
                "insertions": 234,
                "deletions": 139
              }
            }
          },
          {
            "hash": "ee361be5697184ecc38b09a96afdc6a6c655d9be",
            "messageTitle": "Level-7 with oop",
            "messageBody": "",
            "fileTypesAndContributionMap": {
              "java": {
                "insertions": 42,
                "deletions": 36
              }
            }
          },
          {
            "hash": "3d9534d8d372fe6f884128481774809238c81c18",
            "messageTitle": "Level-7 with oop with storage not working",
            "messageBody": "",
            "fileTypesAndContributionMap": {
              "java": {
                "insertions": 1,
                "deletions": 1
              }
            }
          }
        ]
      },
      {
        "date": "2020-11-02",
        "commitResults": [
          {
            "hash": "99cb02758b3b635d60beeab135934fa21b3d0f0a",
            "messageTitle": "level 7 with more oop working build",
            "messageBody": "",
            "fileTypesAndContributionMap": {
              "java": {
                "insertions": 14,
                "deletions": 17
              }
            }
          },
          {
            "hash": "47ea27d7bb855eca248bbf1d06142ecb4a02ba02",
            "messageTitle": "level 7 with OOP implements fixed global variable issue",
            "messageBody": "",
            "fileTypesAndContributionMap": {
              "java": {
                "insertions": 6,
                "deletions": 5
              }
            }
          }
        ]
      },
      {
        "date": "2020-11-03",
        "commitResults": [
          {
            "hash": "3c2bdcb01ca4402a01aab6fd7821aaf599cbb335",
            "messageTitle": "level 8 with JavaDoc, load saved task does not pass",
            "messageBody": "",
            "fileTypesAndContributionMap": {
              "txt": {
                "insertions": 1,
                "deletions": 0
              },
              "java": {
                "insertions": 110,
                "deletions": 46
              }
            }
          },
          {
            "hash": "65894ebe2b3efd2e494dddd8190cdb7ac223bfbc",
            "messageTitle": "level 9 implement, loadtask throws error, jUnit only one test case, find not implemented yet",
            "messageBody": "",
            "fileTypesAndContributionMap": {
              "java": {
                "insertions": 64,
                "deletions": 15
              }
            }
          }
        ]
      },
      {
        "date": "2020-11-04",
        "commitResults": [
          {
            "hash": "c407a9a98c1af8d2dfb91974f3e92db4f09b0125",
            "messageTitle": "level 9 implement find and individual feature added,, loadtask throws error, jUnit only one test case",
            "messageBody": "",
            "fileTypesAndContributionMap": {
              "java": {
                "insertions": 37,
                "deletions": 5
              }
            }
          },
          {
            "hash": "03a6b37db71ca6830ba0bdd249a14787da58838b",
            "messageTitle": "jUnit, duke.txt",
            "messageBody": "",
            "fileTypesAndContributionMap": {
              "txt": {
                "insertions": 2,
                "deletions": 1
              },
              "java": {
                "insertions": 40,
                "deletions": 3
              }
            }
          },
          {
            "hash": "2964c995f14b16d0821510971635325b7dbb4e7f",
            "messageTitle": "deleted echocommand in duke.java",
            "messageBody": "",
            "fileTypesAndContributionMap": {
              "java": {
                "insertions": 0,
                "deletions": 2
              }
            }
          },
          {
            "hash": "dbb51067047a3da2f5b7b83fdfcffb79b1a41891",
            "messageTitle": "added find exception",
            "messageBody": "",
            "fileTypesAndContributionMap": {
              "java": {
                "insertions": 2,
                "deletions": 4
              }
            }
          },
          {
            "hash": "2f9fedbf4657974aa7bfeb825b2a418e349b9962",
            "messageTitle": "jUnit 1 test case",
            "messageBody": "",
            "fileTypesAndContributionMap": {
              "java": {
                "insertions": 7,
                "deletions": 6
              }
            }
          },
          {
            "hash": "01543e29713e1582c85889416115d4158239f696",
            "messageTitle": "junit",
            "messageBody": "",
            "fileTypesAndContributionMap": {
              "java": {
                "insertions": 0,
                "deletions": 2
              }
            }
          }
        ]
      },
      {
        "date": "2020-11-05",
        "commitResults": [
          {
            "hash": "f64baca121802f58da6e0db1724a6d1df3101e7b",
            "messageTitle": "assertions added",
            "messageBody": "",
            "fileTypesAndContributionMap": {
              "java": {
                "insertions": 5,
                "deletions": 2
              }
            }
          }
        ]
      },
      {
        "date": "2020-11-07",
        "commitResults": [
          {
            "hash": "11a5d3bac133905fd12d5300162e8154126b68a5",
            "messageTitle": "fixed issue where saved tasklist was not loaded",
            "messageBody": "",
            "fileTypesAndContributionMap": {
              "java": {
                "insertions": 20,
                "deletions": 24
              }
            }
          },
          {
            "hash": "2d7fec58eab36ec817ebbda4a5b6a178b690965f",
            "messageTitle": "jUnit",
            "messageBody": "",
            "fileTypesAndContributionMap": {
              "java": {
                "insertions": 21,
                "deletions": 2
              }
            }
          }
        ]
      },
      {
        "date": "2020-11-08",
        "commitResults": [
          {
            "hash": "1a734363b1e51daa344ba129dd6f35943c0a481c",
            "messageTitle": "passed testing",
            "messageBody": "",
            "fileTypesAndContributionMap": {
              "java": {
                "insertions": 83,
                "deletions": 17
              }
            }
          },
          {
            "hash": "25984bfcfe1e5e15be2c222d9e6db9cf9da69c4d",
            "messageTitle": "code cleanup",
            "messageBody": "",
            "fileTypesAndContributionMap": {
              "java": {
                "insertions": 0,
                "deletions": 6
              }
            }
          },
          {
            "hash": "0393693211b11af945ea36c098e73c6bceed6b52",
            "messageTitle": "removed debugging print statements",
            "messageBody": "",
            "fileTypesAndContributionMap": {
              "java": {
                "insertions": 0,
                "deletions": 2
              }
            }
          },
          {
            "hash": "75d2875575c33d97ed526f576dd3cfee211748d1",
            "messageTitle": "code cleanup",
            "messageBody": "",
            "fileTypesAndContributionMap": {
              "java": {
                "insertions": 1,
                "deletions": 1
              }
            }
          },
          {
            "hash": "0c3a9559a863ae96dbc5b239ab94361cf86d8a49",
            "messageTitle": "code review and clean up",
            "messageBody": "",
            "fileTypesAndContributionMap": {
              "java": {
                "insertions": 1,
                "deletions": 3
              }
            }
          }
        ]
      }
    ]
  },
  "authorFileTypeContributionMap": {
    "echizen92": {
      "java": 586,
      "md": 0,
      "fxml": 0,
      "sh": 0,
      "bat": 0,
      "gradle": 0,
      "txt": 2
    }
  },
  "authorContributionVariance": {
    "echizen92": 3850.8994
  },
  "authorDisplayNameMap": {
    "echizen92": "MOHA..SHID"
  }
}
