{
  "authorDailyContributionsMap": {
    "darrenwzw": [
      {
        "date": "2020-09-16",
        "commitResults": [
          {
            "hash": "e8960f1a3c6990b479fb83aa80caddda6c0b1e9c",
            "messageTitle": "basic ui",
            "messageBody": "",
            "fileTypesAndContributionMap": {
              "java": {
                "insertions": 16,
                "deletions": 0
              }
            }
          },
          {
            "hash": "332daf8cf2b829817b686ec8e5dafd6349b923c5",
            "messageTitle": "level-2",
            "messageBody": "",
            "fileTypesAndContributionMap": {
              "java": {
                "insertions": 15,
                "deletions": 2
              }
            }
          }
        ]
      },
      {
        "date": "2020-09-17",
        "commitResults": [
          {
            "hash": "5c83a2ad9aca634432af2ef14d89d4ee0eaf28ea",
            "messageTitle": "level 3",
            "messageBody": "",
            "fileTypesAndContributionMap": {
              "java": {
                "insertions": 32,
                "deletions": 4
              }
            }
          },
          {
            "hash": "19a6083fe9adf2ed1fae698b5441250d915849e3",
            "messageTitle": "level 4",
            "messageBody": "",
            "fileTypesAndContributionMap": {
              "java": {
                "insertions": 111,
                "deletions": 4
              }
            }
          },
          {
            "hash": "fec3429e1ff092a100812210153f601f4c8bc3c6",
            "messageTitle": "level 5",
            "messageBody": "",
            "fileTypesAndContributionMap": {
              "java": {
                "insertions": 19,
                "deletions": 6
              }
            }
          }
        ]
      },
      {
        "date": "2020-11-11",
        "commitResults": [
          {
            "hash": "61b1b297a51a715b3a3dffe3c08c64e1889d9894",
            "messageTitle": "final",
            "messageBody": "",
            "tags": [
              "v0.1"
            ],
            "fileTypesAndContributionMap": {
              "txt": {
                "insertions": 8,
                "deletions": 0
              },
              "java": {
                "insertions": 769,
                "deletions": 187
              }
            }
          }
        ]
      },
      {
        "date": "2020-11-13",
        "commitResults": [
          {
            "hash": "4814e57f9b19e6111fdab0fb82fbaa1eebede2dc",
            "messageTitle": "final changes",
            "messageBody": "",
            "tags": [
              "v0.3",
              "v0.2"
            ],
            "fileTypesAndContributionMap": {
              "java": {
                "insertions": 46,
                "deletions": 9
              }
            }
          },
          {
            "hash": "ded84207836f621de6fb73550068724d9ee8f261",
            "messageTitle": "final version",
            "messageBody": "",
            "fileTypesAndContributionMap": {
              "java": {
                "insertions": 29,
                "deletions": 11
              }
            }
          }
        ]
      }
    ]
  },
  "authorFileTypeContributionMap": {
    "darrenwzw": {
      "java": 824,
      "md": 0,
      "fxml": 0,
      "sh": 0,
      "bat": 0,
      "gradle": 0,
      "txt": 8
    }
  },
  "authorContributionVariance": {
    "darrenwzw": 10357.714
  },
  "authorDisplayNameMap": {
    "darrenwzw": "WANG..RREN"
  }
}
