{
  "authorDailyContributionsMap": {
    "factionsypho": [
      {
        "date": "2020-09-09",
        "commitResults": [
          {
            "hash": "c81968b6e63400737aa5cdbe1a120dd8b5a14845",
            "messageTitle": "this is a test for commit status",
            "messageBody": "",
            "fileTypesAndContributionMap": {
              "md": {
                "insertions": 1,
                "deletions": 0
              }
            }
          }
        ]
      },
      {
        "date": "2020-10-09",
        "commitResults": [
          {
            "hash": "0a81deba48577e62f5d493d3f47090a489548f14",
            "messageTitle": "Level 1 \u0026 Level 2 done",
            "messageBody": "",
            "fileTypesAndContributionMap": {
              "java": {
                "insertions": 45,
                "deletions": 0
              }
            }
          }
        ]
      },
      {
        "date": "2020-10-11",
        "commitResults": [
          {
            "hash": "652f60309de92ad2cbdc11eb32db020787df750f",
            "messageTitle": "Changes to Level 1 and Level 2.",
            "messageBody": "",
            "fileTypesAndContributionMap": {
              "java": {
                "insertions": 24,
                "deletions": 26
              }
            }
          },
          {
            "hash": "44b0d8d90eb63e01158e03cbee52d9b84d4f1884",
            "messageTitle": "Completed level 3",
            "messageBody": "",
            "fileTypesAndContributionMap": {
              "java": {
                "insertions": 39,
                "deletions": 12
              }
            }
          },
          {
            "hash": "2154815651d8d686bdb268350c94e6eb4d744bb3",
            "messageTitle": "Completed Level 4",
            "messageBody": "",
            "fileTypesAndContributionMap": {
              "java": {
                "insertions": 62,
                "deletions": 5
              }
            }
          },
          {
            "hash": "1f7cfc3198e043efd71c06d8fa5d051b5f2dfe9a",
            "messageTitle": "Completed level 5",
            "messageBody": "",
            "fileTypesAndContributionMap": {
              "java": {
                "insertions": 37,
                "deletions": 9
              }
            }
          }
        ]
      },
      {
        "date": "2020-10-20",
        "commitResults": [
          {
            "hash": "8a330479f165796c811b10ddf6abd1b18508bb71",
            "messageTitle": "Level 6 completed.",
            "messageBody": "",
            "fileTypesAndContributionMap": {
              "java": {
                "insertions": 79,
                "deletions": 32
              },
              "bat": {
                "insertions": 1,
                "deletions": 1
              }
            }
          }
        ]
      },
      {
        "date": "2020-10-30",
        "commitResults": [
          {
            "hash": "a091148389167c9b190fe6be4628ddbca1a859fc",
            "messageTitle": "Level 7...?",
            "messageBody": "",
            "fileTypesAndContributionMap": {
              "txt": {
                "insertions": 2,
                "deletions": 0
              },
              "java": {
                "insertions": 449,
                "deletions": 137
              }
            }
          }
        ]
      },
      {
        "date": "2020-11-02",
        "commitResults": [
          {
            "hash": "71d1c0006aa69f7a7ee92edc4a06e7aae93d0b52",
            "messageTitle": "level 8...?",
            "messageBody": "",
            "fileTypesAndContributionMap": {
              "txt": {
                "insertions": 3,
                "deletions": 1
              },
              "java": {
                "insertions": 140,
                "deletions": 3
              }
            }
          }
        ]
      },
      {
        "date": "2020-11-03",
        "commitResults": [
          {
            "hash": "4343dddb6772c7b618c1ce94548824e74ac4da77",
            "messageTitle": "Level 9...?",
            "messageBody": "",
            "fileTypesAndContributionMap": {
              "txt": {
                "insertions": 2,
                "deletions": 3
              },
              "java": {
                "insertions": 148,
                "deletions": 34
              }
            }
          }
        ]
      },
      {
        "date": "2020-11-04",
        "commitResults": [
          {
            "hash": "28226963b2d8c00e6b0cd28954c8220acbf2949a",
            "messageTitle": "no message",
            "messageBody": "",
            "tags": [
              "v1.00"
            ],
            "fileTypesAndContributionMap": {
              "txt": {
                "insertions": 4,
                "deletions": 2
              },
              "java": {
                "insertions": 55,
                "deletions": 13
              }
            }
          },
          {
            "hash": "0bfc03b12195d60e51ed2deca0fdb5bfc8f17561",
            "messageTitle": "Added Help function and included JUnits",
            "messageBody": "",
            "fileTypesAndContributionMap": {
              "java": {
                "insertions": 51,
                "deletions": 3
              }
            }
          }
        ]
      }
    ]
  },
  "authorFileTypeContributionMap": {
    "factionsypho": {
      "java": 861,
      "md": 1,
      "fxml": 0,
      "sh": 0,
      "bat": 1,
      "gradle": 0,
      "txt": 5
    }
  },
  "authorContributionVariance": {
    "factionsypho": 5480.7266
  },
  "authorDisplayNameMap": {
    "factionsypho": "CHAN..RETT"
  }
}
