{
  "authorDailyContributionsMap": {
    "aloysiuswwc": [
      {
        "date": "2020-08-30",
        "commitResults": [
          {
            "hash": "dffac4c03b6c8c93e4dbcb4292dd7293d1204e30",
            "messageTitle": "Level-1 increment",
            "messageBody": "",
            "tags": [
              "Level-1"
            ],
            "fileTypesAndContributionMap": {
              "java": {
                "insertions": 22,
                "deletions": 6
              }
            }
          },
          {
            "hash": "0fea0a20df9f0fcf68ed6c665df52ebbed0eea5c",
            "messageTitle": "Add \u0026 List functions added",
            "messageBody": "",
            "tags": [
              "Level-2"
            ],
            "fileTypesAndContributionMap": {
              "java": {
                "insertions": 25,
                "deletions": 3
              }
            }
          }
        ]
      },
      {
        "date": "2020-09-06",
        "commitResults": [
          {
            "hash": "a51c2d2bf8ef6969f4ab5e4d888e6716f315b14f",
            "messageTitle": "Level 3 (Added \"Task\" Class, Updated \"list\" method, Implemented \"done\" method)",
            "messageBody": "",
            "tags": [
              "Level-3"
            ],
            "fileTypesAndContributionMap": {
              "java": {
                "insertions": 44,
                "deletions": 6
              }
            }
          }
        ]
      },
      {
        "date": "2020-09-13",
        "commitResults": [
          {
            "hash": "b024d460d197062879a2bb57a8fc1191d3aac195",
            "messageTitle": "Level 4 (ToDo, Deadline \u0026 Event class implementation)",
            "messageBody": "",
            "tags": [
              "Level-4"
            ],
            "fileTypesAndContributionMap": {
              "java": {
                "insertions": 150,
                "deletions": 17
              }
            }
          }
        ]
      },
      {
        "date": "2020-09-20",
        "commitResults": [
          {
            "hash": "ff6d4fe78e92063444112dce902a35c7b0dfc6b0",
            "messageTitle": "Level 5 (Duke-\u003eLisa; done\u0026add functions exceptions added)",
            "messageBody": "",
            "tags": [
              "Level-5"
            ],
            "fileTypesAndContributionMap": {
              "java": {
                "insertions": 159,
                "deletions": 105
              }
            }
          }
        ]
      },
      {
        "date": "2020-09-27",
        "commitResults": [
          {
            "hash": "ac50c3581cd4c5321ea920ad82051ba766f17c60",
            "messageTitle": "Level 6 (implemented CommandEnum; if-else statements to switch-case; implemented delete task;)",
            "messageBody": "",
            "tags": [
              "Level-6"
            ],
            "fileTypesAndContributionMap": {
              "java": {
                "insertions": 115,
                "deletions": 68
              }
            }
          },
          {
            "hash": "50339e02d4c28e8b828292139acbbb1ece9f6337",
            "messageTitle": "Sorted classes, exceptions and enumerations into packages",
            "messageBody": "",
            "fileTypesAndContributionMap": {
              "java": {
                "insertions": 24,
                "deletions": 1
              }
            }
          }
        ]
      },
      {
        "date": "2020-10-14",
        "commitResults": [
          {
            "hash": "9b5935455f3fe329f5b36f704936f32395836a7e",
            "messageTitle": "Level 7, Rewrote entire code to more OOP format \u0026 implemented saving to and deleting from txt file",
            "messageBody": "",
            "tags": [
              "Level-7"
            ],
            "fileTypesAndContributionMap": {
              "txt": {
                "insertions": 1,
                "deletions": 0
              },
              "java": {
                "insertions": 331,
                "deletions": 160
              }
            }
          }
        ]
      },
      {
        "date": "2020-10-18",
        "commitResults": [
          {
            "hash": "1d6980a5bb9ebcededd652a2c21a461d84141c25",
            "messageTitle": "Level 8 (Incomplete), Included date\u0026time for tasks, added JavaDoc comments",
            "messageBody": "",
            "tags": [
              "Level-8(Incomplete)"
            ],
            "fileTypesAndContributionMap": {
              "txt": {
                "insertions": 0,
                "deletions": 1
              },
              "java": {
                "insertions": 582,
                "deletions": 96
              }
            }
          }
        ]
      },
      {
        "date": "2020-11-01",
        "commitResults": [
          {
            "hash": "881febf9873b54a5971ace5927344fafcc501fab",
            "messageTitle": "Level 9 (DoWithin Task and Find Task added, code quality improved)",
            "messageBody": "",
            "tags": [
              "Level-9"
            ],
            "fileTypesAndContributionMap": {
              "txt": {
                "insertions": 6,
                "deletions": 0
              },
              "java": {
                "insertions": 804,
                "deletions": 461
              }
            }
          }
        ]
      },
      {
        "date": "2020-11-07",
        "commitResults": [
          {
            "hash": "2fc1cd34793ea7155f72bc1fb6fe225174ca80ae",
            "messageTitle": "Implemented Individual Feature 2 (Priority)",
            "messageBody": "",
            "fileTypesAndContributionMap": {
              "txt": {
                "insertions": 4,
                "deletions": 6
              },
              "java": {
                "insertions": 152,
                "deletions": 36
              }
            }
          }
        ]
      },
      {
        "date": "2020-11-09",
        "commitResults": [
          {
            "hash": "6b22111788e70d7c7829cbc4e00aa55b3dea0812",
            "messageTitle": "Improved code quality overall. Implemented Search-by-priority and Change-priority methods. Added assertions. Improved Javadoc comments.",
            "messageBody": "",
            "fileTypesAndContributionMap": {
              "txt": {
                "insertions": 0,
                "deletions": 4
              },
              "java": {
                "insertions": 1179,
                "deletions": 294
              }
            }
          },
          {
            "hash": "7b18ec08b1b8a549523e6c3840ae5fc02ed8e34a",
            "messageTitle": "Changed title",
            "messageBody": "",
            "fileTypesAndContributionMap": {
              "txt": {
                "insertions": 1,
                "deletions": 0
              }
            }
          },
          {
            "hash": "716d7f0917fbfc6c7731d6c89a0c0a72272eeae8",
            "messageTitle": "Moved all test class to test folder",
            "messageBody": "",
            "fileTypesAndContributionMap": {
              "txt": {
                "insertions": 0,
                "deletions": 1
              },
              "java": {
                "insertions": 29,
                "deletions": 13
              }
            }
          }
        ]
      }
    ]
  },
  "authorFileTypeContributionMap": {
    "aloysiuswwc": {
      "java": 2360,
      "md": 0,
      "fxml": 0,
      "sh": 0,
      "bat": 0,
      "gradle": 0,
      "txt": 0
    }
  },
  "authorContributionVariance": {
    "aloysiuswwc": 51638.25
  },
  "authorDisplayNameMap": {
    "aloysiuswwc": "WONG..SIUS"
  }
}
