[
  {
    "path": "src/main/java/Deadline.java",
    "fileType": "java",
    "lines": [
      {
        "lineNumber": 1,
        "author": {
          "gitId": "ashikin22"
        },
        "content": "public class Deadline extends Task {"
      },
      {
        "lineNumber": 2,
        "author": {
          "gitId": "ashikin22"
        },
        "content": "    protected String byDate;"
      },
      {
        "lineNumber": 3,
        "author": {
          "gitId": "ashikin22"
        },
        "content": ""
      },
      {
        "lineNumber": 4,
        "author": {
          "gitId": "ashikin22"
        },
        "content": "    public Deadline(String description, String byDate) {"
      },
      {
        "lineNumber": 5,
        "author": {
          "gitId": "ashikin22"
        },
        "content": "        super(description);"
      },
      {
        "lineNumber": 6,
        "author": {
          "gitId": "ashikin22"
        },
        "content": "        this.byDate \u003d byDate;"
      },
      {
        "lineNumber": 7,
        "author": {
          "gitId": "ashikin22"
        },
        "content": "    }"
      },
      {
        "lineNumber": 8,
        "author": {
          "gitId": "ashikin22"
        },
        "content": ""
      },
      {
        "lineNumber": 9,
        "author": {
          "gitId": "ashikin22"
        },
        "content": "    @Override"
      },
      {
        "lineNumber": 10,
        "author": {
          "gitId": "ashikin22"
        },
        "content": "    public String toString() {"
      },
      {
        "lineNumber": 11,
        "author": {
          "gitId": "ashikin22"
        },
        "content": "        return \"[D]\" + super.toString() + \" (by: \" + byDate + \")\";"
      },
      {
        "lineNumber": 12,
        "author": {
          "gitId": "ashikin22"
        },
        "content": "    }"
      },
      {
        "lineNumber": 13,
        "author": {
          "gitId": "ashikin22"
        },
        "content": "}"
      }
    ],
    "authorContributionMap": {
      "ashikin22": 13
    }
  },
  {
    "path": "src/main/java/Duke.java",
    "fileType": "java",
    "lines": [
      {
        "lineNumber": 1,
        "author": {
          "gitId": "ashikin22"
        },
        "content": "import java.util.Scanner;"
      },
      {
        "lineNumber": 2,
        "author": {
          "gitId": "ashikin22"
        },
        "content": "import java.util.ArrayList;"
      },
      {
        "lineNumber": 3,
        "author": {
          "gitId": "ashikin22"
        },
        "content": ""
      },
      {
        "lineNumber": 4,
        "author": {
          "gitId": "-"
        },
        "content": "public class Duke {"
      },
      {
        "lineNumber": 5,
        "author": {
          "gitId": "ashikin22"
        },
        "content": ""
      },
      {
        "lineNumber": 6,
        "author": {
          "gitId": "ashikin22"
        },
        "content": "    public static void printLine() {"
      },
      {
        "lineNumber": 7,
        "author": {
          "gitId": "ashikin22"
        },
        "content": "        System.out.println(\"\\t____________________________________________________________\");"
      },
      {
        "lineNumber": 8,
        "author": {
          "gitId": "ashikin22"
        },
        "content": "    }"
      },
      {
        "lineNumber": 9,
        "author": {
          "gitId": "ashikin22"
        },
        "content": ""
      },
      {
        "lineNumber": 10,
        "author": {
          "gitId": "ashikin22"
        },
        "content": "    public static ArrayList\u003cTask\u003e printUserInput(ArrayList\u003cTask\u003e listItems) {"
      },
      {
        "lineNumber": 11,
        "author": {
          "gitId": "ashikin22"
        },
        "content": "        //user input"
      },
      {
        "lineNumber": 12,
        "author": {
          "gitId": "ashikin22"
        },
        "content": "        String userInput;"
      },
      {
        "lineNumber": 13,
        "author": {
          "gitId": "ashikin22"
        },
        "content": "        Scanner input \u003d new Scanner(System.in);"
      },
      {
        "lineNumber": 14,
        "author": {
          "gitId": "ashikin22"
        },
        "content": "        int pointer \u003d 0;"
      },
      {
        "lineNumber": 15,
        "author": {
          "gitId": "ashikin22"
        },
        "content": ""
      },
      {
        "lineNumber": 16,
        "author": {
          "gitId": "ashikin22"
        },
        "content": "        while (true) {"
      },
      {
        "lineNumber": 17,
        "author": {
          "gitId": "ashikin22"
        },
        "content": "            userInput \u003d input.nextLine();"
      },
      {
        "lineNumber": 18,
        "author": {
          "gitId": "ashikin22"
        },
        "content": "            //bye to exit"
      },
      {
        "lineNumber": 19,
        "author": {
          "gitId": "ashikin22"
        },
        "content": "            if (userInput.equals(\"bye\")) {"
      },
      {
        "lineNumber": 20,
        "author": {
          "gitId": "ashikin22"
        },
        "content": "                printLine();"
      },
      {
        "lineNumber": 21,
        "author": {
          "gitId": "ashikin22"
        },
        "content": "                System.out.println(\"\\tBye. Hope to see you again soon!\");"
      },
      {
        "lineNumber": 22,
        "author": {
          "gitId": "ashikin22"
        },
        "content": "                printLine();"
      },
      {
        "lineNumber": 23,
        "author": {
          "gitId": "ashikin22"
        },
        "content": "                System.exit(0);"
      },
      {
        "lineNumber": 24,
        "author": {
          "gitId": "ashikin22"
        },
        "content": "            }"
      },
      {
        "lineNumber": 25,
        "author": {
          "gitId": "ashikin22"
        },
        "content": "            //when type list"
      },
      {
        "lineNumber": 26,
        "author": {
          "gitId": "ashikin22"
        },
        "content": "            else if (userInput.equals(\"list\")) {"
      },
      {
        "lineNumber": 27,
        "author": {
          "gitId": "ashikin22"
        },
        "content": "                printUserList(listItems);"
      },
      {
        "lineNumber": 28,
        "author": {
          "gitId": "ashikin22"
        },
        "content": "            }"
      },
      {
        "lineNumber": 29,
        "author": {
          "gitId": "ashikin22"
        },
        "content": "            // when type done"
      },
      {
        "lineNumber": 30,
        "author": {
          "gitId": "ashikin22"
        },
        "content": "            else if (userInput.startsWith(\"done\")) {"
      },
      {
        "lineNumber": 31,
        "author": {
          "gitId": "ashikin22"
        },
        "content": "                doneMessage(listItems, userInput);"
      },
      {
        "lineNumber": 32,
        "author": {
          "gitId": "ashikin22"
        },
        "content": "            }"
      },
      {
        "lineNumber": 33,
        "author": {
          "gitId": "ashikin22"
        },
        "content": "            // add event task"
      },
      {
        "lineNumber": 34,
        "author": {
          "gitId": "ashikin22"
        },
        "content": "            else if (userInput.startsWith(\"event\")) {"
      },
      {
        "lineNumber": 35,
        "author": {
          "gitId": "ashikin22"
        },
        "content": "                int divPosition \u003d userInput.indexOf(\"/\");"
      },
      {
        "lineNumber": 36,
        "author": {
          "gitId": "ashikin22"
        },
        "content": "                String eventDescription \u003d userInput.substring(6, divPosition - 1);"
      },
      {
        "lineNumber": 37,
        "author": {
          "gitId": "ashikin22"
        },
        "content": "                String dateTime \u003d userInput.substring(divPosition + 4);"
      },
      {
        "lineNumber": 38,
        "author": {
          "gitId": "ashikin22"
        },
        "content": "                Task t \u003d new Events(eventDescription, dateTime);"
      },
      {
        "lineNumber": 39,
        "author": {
          "gitId": "ashikin22"
        },
        "content": "                listItems.add(t);"
      },
      {
        "lineNumber": 40,
        "author": {
          "gitId": "ashikin22"
        },
        "content": ""
      },
      {
        "lineNumber": 41,
        "author": {
          "gitId": "ashikin22"
        },
        "content": "                printLine();"
      },
      {
        "lineNumber": 42,
        "author": {
          "gitId": "ashikin22"
        },
        "content": "                System.out.println(\"\\tGot it. I\u0027ve added this task:\");"
      },
      {
        "lineNumber": 43,
        "author": {
          "gitId": "ashikin22"
        },
        "content": "                System.out.println(\"\\t\" + listItems.get(listItems.size() - 1).toString());"
      },
      {
        "lineNumber": 44,
        "author": {
          "gitId": "ashikin22"
        },
        "content": "                System.out.println(\"\\tNow you have \" + (listItems.size()) + \" tasks in the list.\");"
      },
      {
        "lineNumber": 45,
        "author": {
          "gitId": "ashikin22"
        },
        "content": "                printLine();"
      },
      {
        "lineNumber": 46,
        "author": {
          "gitId": "ashikin22"
        },
        "content": ""
      },
      {
        "lineNumber": 47,
        "author": {
          "gitId": "ashikin22"
        },
        "content": "            }"
      },
      {
        "lineNumber": 48,
        "author": {
          "gitId": "ashikin22"
        },
        "content": "            // add deadline task"
      },
      {
        "lineNumber": 49,
        "author": {
          "gitId": "ashikin22"
        },
        "content": "            else if (userInput.startsWith(\"deadline\")) {"
      },
      {
        "lineNumber": 50,
        "author": {
          "gitId": "ashikin22"
        },
        "content": "                int divPosition \u003d userInput.indexOf(\"/\");"
      },
      {
        "lineNumber": 51,
        "author": {
          "gitId": "ashikin22"
        },
        "content": "                String deadlineDescription \u003d userInput.substring(9, divPosition - 1);"
      },
      {
        "lineNumber": 52,
        "author": {
          "gitId": "ashikin22"
        },
        "content": "                String filteredDate \u003d userInput.substring(divPosition + 4);"
      },
      {
        "lineNumber": 53,
        "author": {
          "gitId": "ashikin22"
        },
        "content": "                Task t \u003d new Deadline(deadlineDescription, filteredDate);"
      },
      {
        "lineNumber": 54,
        "author": {
          "gitId": "ashikin22"
        },
        "content": "                listItems.add(t);"
      },
      {
        "lineNumber": 55,
        "author": {
          "gitId": "ashikin22"
        },
        "content": ""
      },
      {
        "lineNumber": 56,
        "author": {
          "gitId": "ashikin22"
        },
        "content": "                printLine();"
      },
      {
        "lineNumber": 57,
        "author": {
          "gitId": "ashikin22"
        },
        "content": "                System.out.println(\"\\tGot it. I\u0027ve added this task:\");"
      },
      {
        "lineNumber": 58,
        "author": {
          "gitId": "ashikin22"
        },
        "content": "                System.out.println(\"\\t\" + listItems.get(listItems.size() - 1).toString());"
      },
      {
        "lineNumber": 59,
        "author": {
          "gitId": "ashikin22"
        },
        "content": "                System.out.println(\"\\tNow you have \" + (listItems.size()) + \" tasks in the list.\");"
      },
      {
        "lineNumber": 60,
        "author": {
          "gitId": "ashikin22"
        },
        "content": "                printLine();"
      },
      {
        "lineNumber": 61,
        "author": {
          "gitId": "ashikin22"
        },
        "content": "            }"
      },
      {
        "lineNumber": 62,
        "author": {
          "gitId": "ashikin22"
        },
        "content": "            // add to do task"
      },
      {
        "lineNumber": 63,
        "author": {
          "gitId": "ashikin22"
        },
        "content": "            else if (userInput.startsWith(\"todo\")) {"
      },
      {
        "lineNumber": 64,
        "author": {
          "gitId": "ashikin22"
        },
        "content": "                try {"
      },
      {
        "lineNumber": 65,
        "author": {
          "gitId": "ashikin22"
        },
        "content": "                    String todoDescription \u003d userInput.substring(5);"
      },
      {
        "lineNumber": 66,
        "author": {
          "gitId": "ashikin22"
        },
        "content": "                    CheckEmpty(todoDescription);"
      },
      {
        "lineNumber": 67,
        "author": {
          "gitId": "ashikin22"
        },
        "content": "                    Task t \u003d new Todo(todoDescription);"
      },
      {
        "lineNumber": 68,
        "author": {
          "gitId": "ashikin22"
        },
        "content": "                    listItems.add(t);"
      },
      {
        "lineNumber": 69,
        "author": {
          "gitId": "ashikin22"
        },
        "content": ""
      },
      {
        "lineNumber": 70,
        "author": {
          "gitId": "ashikin22"
        },
        "content": "                    printLine();"
      },
      {
        "lineNumber": 71,
        "author": {
          "gitId": "ashikin22"
        },
        "content": "                    System.out.println(\"\\tGot it. I\u0027ve added this task:\");"
      },
      {
        "lineNumber": 72,
        "author": {
          "gitId": "ashikin22"
        },
        "content": "                    System.out.println(\"\\t\" + listItems.get(listItems.size() - 1).toString());"
      },
      {
        "lineNumber": 73,
        "author": {
          "gitId": "ashikin22"
        },
        "content": "                    System.out.println(\"\\tNow you have \" + (listItems.size()) + \" tasks in the list.\");"
      },
      {
        "lineNumber": 74,
        "author": {
          "gitId": "ashikin22"
        },
        "content": "                    printLine();"
      },
      {
        "lineNumber": 75,
        "author": {
          "gitId": "ashikin22"
        },
        "content": "                } catch (StringIndexOutOfBoundsException e) {"
      },
      {
        "lineNumber": 76,
        "author": {
          "gitId": "ashikin22"
        },
        "content": "                    printLine();"
      },
      {
        "lineNumber": 77,
        "author": {
          "gitId": "ashikin22"
        },
        "content": "                    System.out.println(\"☹ OOPS!!! The description of a todo cannot be empty.\");"
      },
      {
        "lineNumber": 78,
        "author": {
          "gitId": "ashikin22"
        },
        "content": "                    printLine();"
      },
      {
        "lineNumber": 79,
        "author": {
          "gitId": "ashikin22"
        },
        "content": "                }"
      },
      {
        "lineNumber": 80,
        "author": {
          "gitId": "ashikin22"
        },
        "content": "            } else if (userInput.startsWith(\"delete\")) {"
      },
      {
        "lineNumber": 81,
        "author": {
          "gitId": "ashikin22"
        },
        "content": "                int numTask \u003d Integer.valueOf(userInput.substring(7, userInput.length()));"
      },
      {
        "lineNumber": 82,
        "author": {
          "gitId": "ashikin22"
        },
        "content": "                Task t \u003d listItems.get(numTask - 1);"
      },
      {
        "lineNumber": 83,
        "author": {
          "gitId": "ashikin22"
        },
        "content": "                listItems.remove(numTask - 1);"
      },
      {
        "lineNumber": 84,
        "author": {
          "gitId": "ashikin22"
        },
        "content": "                System.out.println(\"\\tNoted. I\u0027ve removed this task:\");"
      },
      {
        "lineNumber": 85,
        "author": {
          "gitId": "ashikin22"
        },
        "content": "                System.out.println(\"\\t\" + t.toString());"
      },
      {
        "lineNumber": 86,
        "author": {
          "gitId": "ashikin22"
        },
        "content": "                System.out.println(\"\\tNow you have \" + (listItems.size()) + \" tasks in the list.\");"
      },
      {
        "lineNumber": 87,
        "author": {
          "gitId": "ashikin22"
        },
        "content": "                printLine();"
      },
      {
        "lineNumber": 88,
        "author": {
          "gitId": "ashikin22"
        },
        "content": "            }"
      },
      {
        "lineNumber": 89,
        "author": {
          "gitId": "ashikin22"
        },
        "content": "        }"
      },
      {
        "lineNumber": 90,
        "author": {
          "gitId": "ashikin22"
        },
        "content": "    }"
      },
      {
        "lineNumber": 91,
        "author": {
          "gitId": "ashikin22"
        },
        "content": ""
      },
      {
        "lineNumber": 92,
        "author": {
          "gitId": "ashikin22"
        },
        "content": "    //store items in list"
      },
      {
        "lineNumber": 93,
        "author": {
          "gitId": "ashikin22"
        },
        "content": "    public static ArrayList\u003cTask\u003e storeUserList(ArrayList\u003cTask\u003e listItems, String input) {"
      },
      {
        "lineNumber": 94,
        "author": {
          "gitId": "ashikin22"
        },
        "content": "        int counter \u003d 0;"
      },
      {
        "lineNumber": 95,
        "author": {
          "gitId": "ashikin22"
        },
        "content": "        while (true) {"
      },
      {
        "lineNumber": 96,
        "author": {
          "gitId": "ashikin22"
        },
        "content": "            listItems.add(new Task(input));"
      },
      {
        "lineNumber": 97,
        "author": {
          "gitId": "ashikin22"
        },
        "content": "            System.out.println(\"\\tadded: \" + input);"
      },
      {
        "lineNumber": 98,
        "author": {
          "gitId": "ashikin22"
        },
        "content": "            break;"
      },
      {
        "lineNumber": 99,
        "author": {
          "gitId": "ashikin22"
        },
        "content": ""
      },
      {
        "lineNumber": 100,
        "author": {
          "gitId": "ashikin22"
        },
        "content": "        }"
      },
      {
        "lineNumber": 101,
        "author": {
          "gitId": "ashikin22"
        },
        "content": "        return listItems;"
      },
      {
        "lineNumber": 102,
        "author": {
          "gitId": "ashikin22"
        },
        "content": "    }"
      },
      {
        "lineNumber": 103,
        "author": {
          "gitId": "ashikin22"
        },
        "content": ""
      },
      {
        "lineNumber": 104,
        "author": {
          "gitId": "ashikin22"
        },
        "content": "    //print items in list"
      },
      {
        "lineNumber": 105,
        "author": {
          "gitId": "ashikin22"
        },
        "content": "    public static void printUserList(ArrayList\u003cTask\u003e listItems) {"
      },
      {
        "lineNumber": 106,
        "author": {
          "gitId": "ashikin22"
        },
        "content": "        if (listItems.size() \u003d\u003d 0) {"
      },
      {
        "lineNumber": 107,
        "author": {
          "gitId": "ashikin22"
        },
        "content": "            System.out.println(\"List is empty\");"
      },
      {
        "lineNumber": 108,
        "author": {
          "gitId": "ashikin22"
        },
        "content": "            return;"
      },
      {
        "lineNumber": 109,
        "author": {
          "gitId": "ashikin22"
        },
        "content": "        }"
      },
      {
        "lineNumber": 110,
        "author": {
          "gitId": "ashikin22"
        },
        "content": "        printLine();"
      },
      {
        "lineNumber": 111,
        "author": {
          "gitId": "ashikin22"
        },
        "content": ""
      },
      {
        "lineNumber": 112,
        "author": {
          "gitId": "ashikin22"
        },
        "content": "        for (int i \u003d 0; i \u003c listItems.size(); i++) {"
      },
      {
        "lineNumber": 113,
        "author": {
          "gitId": "ashikin22"
        },
        "content": "            System.out.println(\"\\t\" + (i + 1) + \". \" + listItems.get(i).toString());"
      },
      {
        "lineNumber": 114,
        "author": {
          "gitId": "ashikin22"
        },
        "content": "        }"
      },
      {
        "lineNumber": 115,
        "author": {
          "gitId": "ashikin22"
        },
        "content": ""
      },
      {
        "lineNumber": 116,
        "author": {
          "gitId": "ashikin22"
        },
        "content": "        printLine();"
      },
      {
        "lineNumber": 117,
        "author": {
          "gitId": "ashikin22"
        },
        "content": "    }"
      },
      {
        "lineNumber": 118,
        "author": {
          "gitId": "ashikin22"
        },
        "content": ""
      },
      {
        "lineNumber": 119,
        "author": {
          "gitId": "ashikin22"
        },
        "content": ""
      },
      {
        "lineNumber": 120,
        "author": {
          "gitId": "ashikin22"
        },
        "content": "    public static ArrayList\u003cTask\u003e doneMessage(ArrayList\u003cTask\u003e listItems, String userInput) {"
      },
      {
        "lineNumber": 121,
        "author": {
          "gitId": "ashikin22"
        },
        "content": ""
      },
      {
        "lineNumber": 122,
        "author": {
          "gitId": "ashikin22"
        },
        "content": "        try {"
      },
      {
        "lineNumber": 123,
        "author": {
          "gitId": "ashikin22"
        },
        "content": "            int filteredNumber \u003d Integer.parseInt(userInput.substring(5));"
      },
      {
        "lineNumber": 124,
        "author": {
          "gitId": "ashikin22"
        },
        "content": "            listItems.get(filteredNumber - 1).markDone();"
      },
      {
        "lineNumber": 125,
        "author": {
          "gitId": "ashikin22"
        },
        "content": ""
      },
      {
        "lineNumber": 126,
        "author": {
          "gitId": "ashikin22"
        },
        "content": "            printLine();"
      },
      {
        "lineNumber": 127,
        "author": {
          "gitId": "ashikin22"
        },
        "content": "            System.out.println(\"\\tNice! I\u0027ve marked this task as done:\");"
      },
      {
        "lineNumber": 128,
        "author": {
          "gitId": "ashikin22"
        },
        "content": "            System.out.println(\"\\t\" + listItems.get(filteredNumber - 1).toString());"
      },
      {
        "lineNumber": 129,
        "author": {
          "gitId": "ashikin22"
        },
        "content": "            printLine();"
      },
      {
        "lineNumber": 130,
        "author": {
          "gitId": "ashikin22"
        },
        "content": ""
      },
      {
        "lineNumber": 131,
        "author": {
          "gitId": "ashikin22"
        },
        "content": "        } catch (NumberFormatException e) {"
      },
      {
        "lineNumber": 132,
        "author": {
          "gitId": "ashikin22"
        },
        "content": "            printLine();"
      },
      {
        "lineNumber": 133,
        "author": {
          "gitId": "ashikin22"
        },
        "content": "            System.out.println(\"\\t☹ OOPS!!! I\u0027m sorry, but I don\u0027t know what that means :-(\");"
      },
      {
        "lineNumber": 134,
        "author": {
          "gitId": "ashikin22"
        },
        "content": "            printLine();"
      },
      {
        "lineNumber": 135,
        "author": {
          "gitId": "ashikin22"
        },
        "content": "        } catch (NullPointerException e) {"
      },
      {
        "lineNumber": 136,
        "author": {
          "gitId": "ashikin22"
        },
        "content": "            printLine();"
      },
      {
        "lineNumber": 137,
        "author": {
          "gitId": "ashikin22"
        },
        "content": "            System.out.println(\"\\t☹ OOPS!!! Numbers out of range :-(\");"
      },
      {
        "lineNumber": 138,
        "author": {
          "gitId": "ashikin22"
        },
        "content": "            printLine();"
      },
      {
        "lineNumber": 139,
        "author": {
          "gitId": "ashikin22"
        },
        "content": "        }"
      },
      {
        "lineNumber": 140,
        "author": {
          "gitId": "ashikin22"
        },
        "content": "        return listItems;"
      },
      {
        "lineNumber": 141,
        "author": {
          "gitId": "ashikin22"
        },
        "content": "    }"
      },
      {
        "lineNumber": 142,
        "author": {
          "gitId": "ashikin22"
        },
        "content": ""
      },
      {
        "lineNumber": 143,
        "author": {
          "gitId": "ashikin22"
        },
        "content": "    private static void CheckEmpty(String description) throws StringIndexOutOfBoundsException {"
      },
      {
        "lineNumber": 144,
        "author": {
          "gitId": "ashikin22"
        },
        "content": "        if (description.isEmpty()) {"
      },
      {
        "lineNumber": 145,
        "author": {
          "gitId": "ashikin22"
        },
        "content": "            throw new StringIndexOutOfBoundsException();"
      },
      {
        "lineNumber": 146,
        "author": {
          "gitId": "ashikin22"
        },
        "content": "        }"
      },
      {
        "lineNumber": 147,
        "author": {
          "gitId": "ashikin22"
        },
        "content": "    }"
      },
      {
        "lineNumber": 148,
        "author": {
          "gitId": "ashikin22"
        },
        "content": ""
      },
      {
        "lineNumber": 149,
        "author": {
          "gitId": "-"
        },
        "content": "    public static void main(String[] args) {"
      },
      {
        "lineNumber": 150,
        "author": {
          "gitId": "ashikin22"
        },
        "content": "        //  String [] ListofItems \u003d new String[100];"
      },
      {
        "lineNumber": 151,
        "author": {
          "gitId": "ashikin22"
        },
        "content": "        ArrayList\u003cTask\u003e listTask \u003d new ArrayList\u003cTask\u003e();"
      },
      {
        "lineNumber": 152,
        "author": {
          "gitId": "ashikin22"
        },
        "content": ""
      },
      {
        "lineNumber": 153,
        "author": {
          "gitId": "-"
        },
        "content": "        String logo \u003d \" ____        _        \\n\""
      },
      {
        "lineNumber": 154,
        "author": {
          "gitId": "-"
        },
        "content": "                + \"|  _ \\\\ _   _| | _____ \\n\""
      },
      {
        "lineNumber": 155,
        "author": {
          "gitId": "-"
        },
        "content": "                + \"| | | | | | | |/ / _ \\\\\\n\""
      },
      {
        "lineNumber": 156,
        "author": {
          "gitId": "-"
        },
        "content": "                + \"| |_| | |_| |   \u003c  __/\\n\""
      },
      {
        "lineNumber": 157,
        "author": {
          "gitId": "-"
        },
        "content": "                + \"|____/ \\\\__,_|_|\\\\_\\\\___|\\n\";"
      },
      {
        "lineNumber": 158,
        "author": {
          "gitId": "-"
        },
        "content": "        System.out.println(\"Hello from\\n\" + logo);"
      },
      {
        "lineNumber": 159,
        "author": {
          "gitId": "ashikin22"
        },
        "content": ""
      },
      {
        "lineNumber": 160,
        "author": {
          "gitId": "ashikin22"
        },
        "content": "        System.out.println(\"\\t____________________________________________________________\");"
      },
      {
        "lineNumber": 161,
        "author": {
          "gitId": "ashikin22"
        },
        "content": "        System.out.println(\"\\tHello! I\u0027m Duke\\n\\tWhat can I do for you?\");"
      },
      {
        "lineNumber": 162,
        "author": {
          "gitId": "ashikin22"
        },
        "content": "        System.out.println(\"\\t____________________________________________________________\");"
      },
      {
        "lineNumber": 163,
        "author": {
          "gitId": "ashikin22"
        },
        "content": "        while (true) {"
      },
      {
        "lineNumber": 164,
        "author": {
          "gitId": "ashikin22"
        },
        "content": "            listTask \u003d printUserInput(listTask);"
      },
      {
        "lineNumber": 165,
        "author": {
          "gitId": "ashikin22"
        },
        "content": ""
      },
      {
        "lineNumber": 166,
        "author": {
          "gitId": "ashikin22"
        },
        "content": "        }"
      },
      {
        "lineNumber": 167,
        "author": {
          "gitId": "-"
        },
        "content": "    }"
      },
      {
        "lineNumber": 168,
        "author": {
          "gitId": "-"
        },
        "content": "}"
      }
    ],
    "authorContributionMap": {
      "ashikin22": 158,
      "-": 10
    }
  },
  {
    "path": "src/main/java/DukeException.java",
    "fileType": "java",
    "lines": [
      {
        "lineNumber": 1,
        "author": {
          "gitId": "ashikin22"
        },
        "content": "public class DukeException extends Exception {"
      },
      {
        "lineNumber": 2,
        "author": {
          "gitId": "ashikin22"
        },
        "content": "}"
      }
    ],
    "authorContributionMap": {
      "ashikin22": 2
    }
  },
  {
    "path": "src/main/java/Events.java",
    "fileType": "java",
    "lines": [
      {
        "lineNumber": 1,
        "author": {
          "gitId": "ashikin22"
        },
        "content": "public class Events extends Task {"
      },
      {
        "lineNumber": 2,
        "author": {
          "gitId": "ashikin22"
        },
        "content": ""
      },
      {
        "lineNumber": 3,
        "author": {
          "gitId": "ashikin22"
        },
        "content": "    protected String byDateTime;"
      },
      {
        "lineNumber": 4,
        "author": {
          "gitId": "ashikin22"
        },
        "content": ""
      },
      {
        "lineNumber": 5,
        "author": {
          "gitId": "ashikin22"
        },
        "content": ""
      },
      {
        "lineNumber": 6,
        "author": {
          "gitId": "ashikin22"
        },
        "content": "    public Events(String description, String byDateTime) {"
      },
      {
        "lineNumber": 7,
        "author": {
          "gitId": "ashikin22"
        },
        "content": "        super(description);"
      },
      {
        "lineNumber": 8,
        "author": {
          "gitId": "ashikin22"
        },
        "content": "        this.byDateTime \u003d byDateTime;"
      },
      {
        "lineNumber": 9,
        "author": {
          "gitId": "ashikin22"
        },
        "content": ""
      },
      {
        "lineNumber": 10,
        "author": {
          "gitId": "ashikin22"
        },
        "content": "    }"
      },
      {
        "lineNumber": 11,
        "author": {
          "gitId": "ashikin22"
        },
        "content": ""
      },
      {
        "lineNumber": 12,
        "author": {
          "gitId": "ashikin22"
        },
        "content": "    @Override"
      },
      {
        "lineNumber": 13,
        "author": {
          "gitId": "ashikin22"
        },
        "content": "    public String toString() {"
      },
      {
        "lineNumber": 14,
        "author": {
          "gitId": "ashikin22"
        },
        "content": "        return \"[E]\" + super.toString() + \" (at: \" + byDateTime + \")\";"
      },
      {
        "lineNumber": 15,
        "author": {
          "gitId": "ashikin22"
        },
        "content": "    }"
      },
      {
        "lineNumber": 16,
        "author": {
          "gitId": "ashikin22"
        },
        "content": "}"
      }
    ],
    "authorContributionMap": {
      "ashikin22": 16
    }
  },
  {
    "path": "src/main/java/IndexOutOfRangeException.java",
    "fileType": "java",
    "lines": [
      {
        "lineNumber": 1,
        "author": {
          "gitId": "ashikin22"
        },
        "content": "public class IndexOutOfRangeException extends DukeException {"
      },
      {
        "lineNumber": 2,
        "author": {
          "gitId": "ashikin22"
        },
        "content": "}"
      }
    ],
    "authorContributionMap": {
      "ashikin22": 2
    }
  },
  {
    "path": "src/main/java/Task.java",
    "fileType": "java",
    "lines": [
      {
        "lineNumber": 1,
        "author": {
          "gitId": "ashikin22"
        },
        "content": "public class Task {"
      },
      {
        "lineNumber": 2,
        "author": {
          "gitId": "ashikin22"
        },
        "content": "    protected String description;"
      },
      {
        "lineNumber": 3,
        "author": {
          "gitId": "ashikin22"
        },
        "content": "    protected boolean isDone;"
      },
      {
        "lineNumber": 4,
        "author": {
          "gitId": "ashikin22"
        },
        "content": ""
      },
      {
        "lineNumber": 5,
        "author": {
          "gitId": "ashikin22"
        },
        "content": "    public Task(String description) {"
      },
      {
        "lineNumber": 6,
        "author": {
          "gitId": "ashikin22"
        },
        "content": "        this.description \u003d description;"
      },
      {
        "lineNumber": 7,
        "author": {
          "gitId": "ashikin22"
        },
        "content": "        this.isDone \u003d false;"
      },
      {
        "lineNumber": 8,
        "author": {
          "gitId": "ashikin22"
        },
        "content": "    }"
      },
      {
        "lineNumber": 9,
        "author": {
          "gitId": "ashikin22"
        },
        "content": ""
      },
      {
        "lineNumber": 10,
        "author": {
          "gitId": "ashikin22"
        },
        "content": "    public String getStatusIcon() {"
      },
      {
        "lineNumber": 11,
        "author": {
          "gitId": "ashikin22"
        },
        "content": "        return (isDone ? \"\\u2713\" : \"\\u2718\"); //return tick or X symbols"
      },
      {
        "lineNumber": 12,
        "author": {
          "gitId": "ashikin22"
        },
        "content": "    }"
      },
      {
        "lineNumber": 13,
        "author": {
          "gitId": "ashikin22"
        },
        "content": "    public String getDescription() {"
      },
      {
        "lineNumber": 14,
        "author": {
          "gitId": "ashikin22"
        },
        "content": "        return description;"
      },
      {
        "lineNumber": 15,
        "author": {
          "gitId": "ashikin22"
        },
        "content": "    }"
      },
      {
        "lineNumber": 16,
        "author": {
          "gitId": "ashikin22"
        },
        "content": ""
      },
      {
        "lineNumber": 17,
        "author": {
          "gitId": "ashikin22"
        },
        "content": "    public void markDone() {"
      },
      {
        "lineNumber": 18,
        "author": {
          "gitId": "ashikin22"
        },
        "content": "        isDone \u003d true;"
      },
      {
        "lineNumber": 19,
        "author": {
          "gitId": "ashikin22"
        },
        "content": "    }"
      },
      {
        "lineNumber": 20,
        "author": {
          "gitId": "ashikin22"
        },
        "content": ""
      },
      {
        "lineNumber": 21,
        "author": {
          "gitId": "ashikin22"
        },
        "content": "    @Override"
      },
      {
        "lineNumber": 22,
        "author": {
          "gitId": "ashikin22"
        },
        "content": "    public String toString() {"
      },
      {
        "lineNumber": 23,
        "author": {
          "gitId": "ashikin22"
        },
        "content": "        return \"[\" + getStatusIcon() + \"]\" + getDescription();"
      },
      {
        "lineNumber": 24,
        "author": {
          "gitId": "ashikin22"
        },
        "content": "    }"
      },
      {
        "lineNumber": 25,
        "author": {
          "gitId": "ashikin22"
        },
        "content": "}"
      }
    ],
    "authorContributionMap": {
      "ashikin22": 25
    }
  },
  {
    "path": "src/main/java/Todo.java",
    "fileType": "java",
    "lines": [
      {
        "lineNumber": 1,
        "author": {
          "gitId": "ashikin22"
        },
        "content": "public class Todo  extends Task {"
      },
      {
        "lineNumber": 2,
        "author": {
          "gitId": "ashikin22"
        },
        "content": "        protected boolean isDone;"
      },
      {
        "lineNumber": 3,
        "author": {
          "gitId": "ashikin22"
        },
        "content": ""
      },
      {
        "lineNumber": 4,
        "author": {
          "gitId": "ashikin22"
        },
        "content": "        public Todo(String description) {"
      },
      {
        "lineNumber": 5,
        "author": {
          "gitId": "ashikin22"
        },
        "content": "            super(description);"
      },
      {
        "lineNumber": 6,
        "author": {
          "gitId": "ashikin22"
        },
        "content": "            this.isDone \u003d false;"
      },
      {
        "lineNumber": 7,
        "author": {
          "gitId": "ashikin22"
        },
        "content": "        }"
      },
      {
        "lineNumber": 8,
        "author": {
          "gitId": "ashikin22"
        },
        "content": ""
      },
      {
        "lineNumber": 9,
        "author": {
          "gitId": "ashikin22"
        },
        "content": "        @Override"
      },
      {
        "lineNumber": 10,
        "author": {
          "gitId": "ashikin22"
        },
        "content": "        public String toString() {"
      },
      {
        "lineNumber": 11,
        "author": {
          "gitId": "ashikin22"
        },
        "content": "            return \"[T]\" + super.toString();"
      },
      {
        "lineNumber": 12,
        "author": {
          "gitId": "ashikin22"
        },
        "content": "        }"
      },
      {
        "lineNumber": 13,
        "author": {
          "gitId": "ashikin22"
        },
        "content": "    }"
      }
    ],
    "authorContributionMap": {
      "ashikin22": 13
    }
  }
]
