{
  "authorDailyContributionsMap": {
    "ashikin22": [
      {
        "date": "2020-09-11",
        "commitResults": [
          {
            "hash": "bdc7ddce72a1acf58be35c7e4dee8ab783b2ebf8",
            "messageTitle": "add Level-1",
            "messageBody": "",
            "fileTypesAndContributionMap": {
              "java": {
                "insertions": 28,
                "deletions": 1
              }
            }
          }
        ]
      },
      {
        "date": "2020-09-13",
        "commitResults": [
          {
            "hash": "b48fc1fe40226ce669110d6f80070aa1d1255010",
            "messageTitle": "Add Level 2 - Greet, Echo and Exit",
            "messageBody": "",
            "fileTypesAndContributionMap": {
              "java": {
                "insertions": 45,
                "deletions": 4
              }
            }
          }
        ]
      },
      {
        "date": "2020-09-18",
        "commitResults": [
          {
            "hash": "3a0cdb910b81334750c9dfbc721e14437cfa3b7f",
            "messageTitle": "Level 3: Mark as Done",
            "messageBody": "",
            "fileTypesAndContributionMap": {
              "java": {
                "insertions": 51,
                "deletions": 8
              }
            }
          }
        ]
      },
      {
        "date": "2020-09-27",
        "commitResults": [
          {
            "hash": "0217dce3161d6648db29716f154c246c592fc0ea",
            "messageTitle": "Level 4: ToDos, Events, Deadlines",
            "messageBody": "",
            "fileTypesAndContributionMap": {
              "java": {
                "insertions": 121,
                "deletions": 28
              }
            }
          }
        ]
      },
      {
        "date": "2020-11-03",
        "commitResults": [
          {
            "hash": "0ef681dc0888cbc3fef36ef792caf0f5a0ebef8c",
            "messageTitle": "Level 5: Handle Errors",
            "messageBody": "",
            "fileTypesAndContributionMap": {
              "java": {
                "insertions": 48,
                "deletions": 17
              }
            }
          },
          {
            "hash": "8faea956faccf561f5b1e7bbf9c002c75206d317",
            "messageTitle": "Level 6: ArrayList \u0026 Delete",
            "messageBody": "",
            "fileTypesAndContributionMap": {
              "java": {
                "insertions": 42,
                "deletions": 36
              }
            }
          },
          {
            "hash": "78020866e5132717a0a739d27c7454bb40baf7f2",
            "messageTitle": "Reformat Code",
            "messageBody": "",
            "fileTypesAndContributionMap": {
              "java": {
                "insertions": 39,
                "deletions": 51
              }
            }
          }
        ]
      },
      {
        "date": "2020-11-06",
        "commitResults": [
          {
            "hash": "e4c8805c4297701adf75744e2bce086185844763",
            "messageTitle": "Level 7",
            "messageBody": "",
            "fileTypesAndContributionMap": {
              "txt": {
                "insertions": 5,
                "deletions": 0
              },
              "java": {
                "insertions": 222,
                "deletions": 51
              }
            }
          },
          {
            "hash": "c8390f97e90f2dae95d2d923c82e020932427fc0",
            "messageTitle": "Delete Todo.java",
            "messageBody": "",
            "fileTypesAndContributionMap": {
              "java": {
                "insertions": 0,
                "deletions": 13
              }
            }
          },
          {
            "hash": "7d64a3dd8c4fe3db4cf25f19f0f0f9cdc8ed14dc",
            "messageTitle": "Delete Deadline.java",
            "messageBody": "",
            "fileTypesAndContributionMap": {
              "java": {
                "insertions": 0,
                "deletions": 13
              }
            }
          },
          {
            "hash": "60528cbe6ec5f8826fa6d5ef5f7306d0a9007560",
            "messageTitle": "Delete Events.java",
            "messageBody": "",
            "fileTypesAndContributionMap": {
              "java": {
                "insertions": 0,
                "deletions": 16
              }
            }
          },
          {
            "hash": "1d3b0c792e0bebb6a74d686843776f75e63b7947",
            "messageTitle": "Delete Task.java",
            "messageBody": "",
            "fileTypesAndContributionMap": {
              "java": {
                "insertions": 0,
                "deletions": 25
              }
            }
          }
        ]
      },
      {
        "date": "2020-11-12",
        "commitResults": [
          {
            "hash": "2cc2bc579ed5b15bd195e0f677ad3a44072d5401",
            "messageTitle": "Add TaskList",
            "messageBody": "",
            "fileTypesAndContributionMap": {
              "java": {
                "insertions": 61,
                "deletions": 0
              }
            }
          },
          {
            "hash": "ed8d591b5b519cde06c2b5cf659467f074c795f2",
            "messageTitle": "Level 7 more OOP Level 8 Date \u0026 Time Level 9 Find",
            "messageBody": "",
            "fileTypesAndContributionMap": {
              "java": {
                "insertions": 102,
                "deletions": 166
              }
            }
          }
        ]
      },
      {
        "date": "2020-11-13",
        "commitResults": [
          {
            "hash": "805748c26cc90d864eeb7b617f863f32c525054e",
            "messageTitle": "More OOP",
            "messageBody": "",
            "fileTypesAndContributionMap": {
              "java": {
                "insertions": 17,
                "deletions": 0
              }
            }
          },
          {
            "hash": "d022c5c87962f9e1886ad8a31ab6b8203da4c41a",
            "messageTitle": "Add files via upload",
            "messageBody": "",
            "fileTypesAndContributionMap": {
              "java": {
                "insertions": 317,
                "deletions": 78
              }
            }
          },
          {
            "hash": "e0e03e93462ccaab829e7590b58101ea1efc04bc",
            "messageTitle": "Delete Storage.java",
            "messageBody": "",
            "fileTypesAndContributionMap": {
              "java": {
                "insertions": 0,
                "deletions": 25
              }
            }
          },
          {
            "hash": "9139837f5f5a2736da3d93f328e59d250ca90fb4",
            "messageTitle": "Delete IndexOutOfRangeException.java",
            "messageBody": "",
            "fileTypesAndContributionMap": {
              "java": {
                "insertions": 0,
                "deletions": 2
              }
            }
          },
          {
            "hash": "510addac71550d2118e1338f87dace3d7ca64008",
            "messageTitle": "Delete DukeException.java",
            "messageBody": "",
            "fileTypesAndContributionMap": {
              "java": {
                "insertions": 0,
                "deletions": 2
              }
            }
          }
        ]
      }
    ]
  },
  "authorFileTypeContributionMap": {
    "ashikin22": {
      "java": 563,
      "md": 0,
      "fxml": 0,
      "sh": 0,
      "bat": 0,
      "gradle": 0,
      "txt": 5
    }
  },
  "authorContributionVariance": {
    "ashikin22": 5173.248
  },
  "authorDisplayNameMap": {
    "ashikin22": "NORM..HANI"
  }
}
