{
  "authorDailyContributionsMap": {
    "ashikin22": [
      {
        "date": "2020-09-11",
        "commitResults": [
          {
            "hash": "bdc7ddce72a1acf58be35c7e4dee8ab783b2ebf8",
            "messageTitle": "add Level-1",
            "messageBody": "",
            "fileTypesAndContributionMap": {
              "java": {
                "insertions": 28,
                "deletions": 1
              }
            }
          }
        ]
      },
      {
        "date": "2020-09-13",
        "commitResults": [
          {
            "hash": "b48fc1fe40226ce669110d6f80070aa1d1255010",
            "messageTitle": "Add Level 2 - Greet, Echo and Exit",
            "messageBody": "",
            "fileTypesAndContributionMap": {
              "java": {
                "insertions": 45,
                "deletions": 4
              }
            }
          }
        ]
      },
      {
        "date": "2020-09-18",
        "commitResults": [
          {
            "hash": "3a0cdb910b81334750c9dfbc721e14437cfa3b7f",
            "messageTitle": "Level 3: Mark as Done",
            "messageBody": "",
            "fileTypesAndContributionMap": {
              "java": {
                "insertions": 51,
                "deletions": 8
              }
            }
          }
        ]
      },
      {
        "date": "2020-09-27",
        "commitResults": [
          {
            "hash": "0217dce3161d6648db29716f154c246c592fc0ea",
            "messageTitle": "Level 4: ToDos, Events, Deadlines",
            "messageBody": "",
            "fileTypesAndContributionMap": {
              "java": {
                "insertions": 121,
                "deletions": 28
              }
            }
          }
        ]
      },
      {
        "date": "2020-11-03",
        "commitResults": [
          {
            "hash": "0ef681dc0888cbc3fef36ef792caf0f5a0ebef8c",
            "messageTitle": "Level 5: Handle Errors",
            "messageBody": "",
            "fileTypesAndContributionMap": {
              "java": {
                "insertions": 48,
                "deletions": 17
              }
            }
          },
          {
            "hash": "8faea956faccf561f5b1e7bbf9c002c75206d317",
            "messageTitle": "Level 6: ArrayList \u0026 Delete",
            "messageBody": "",
            "fileTypesAndContributionMap": {
              "java": {
                "insertions": 42,
                "deletions": 36
              }
            }
          },
          {
            "hash": "78020866e5132717a0a739d27c7454bb40baf7f2",
            "messageTitle": "Reformat Code",
            "messageBody": "",
            "fileTypesAndContributionMap": {
              "java": {
                "insertions": 39,
                "deletions": 51
              }
            }
          }
        ]
      }
    ]
  },
  "authorFileTypeContributionMap": {
    "ashikin22": {
      "java": 229,
      "md": 0,
      "fxml": 0,
      "sh": 0,
      "bat": 0,
      "gradle": 0,
      "txt": 0
    }
  },
  "authorContributionVariance": {
    "ashikin22": 974.7334
  },
  "authorDisplayNameMap": {
    "ashikin22": "NORM..HANI"
  }
}
