{
  "authorDailyContributionsMap": {
    "lamyongxian": [
      {
        "date": "2020-09-01",
        "commitResults": [
          {
            "hash": "ffeae791dccd9b21be5565a136ecc639305f7a58",
            "messageTitle": "Greet, Echo, Exit",
            "messageBody": "",
            "tags": [
              "Level-1"
            ],
            "fileTypesAndContributionMap": {
              "java": {
                "insertions": 48,
                "deletions": 5
              }
            }
          },
          {
            "hash": "d14d5940dfc5ddccdb9d4f5f46895582fce6de05",
            "messageTitle": "Add, List",
            "messageBody": "",
            "tags": [
              "Level-2"
            ],
            "fileTypesAndContributionMap": {
              "java": {
                "insertions": 46,
                "deletions": 15
              }
            }
          }
        ]
      },
      {
        "date": "2020-09-02",
        "commitResults": [
          {
            "hash": "6eb5af91329a0ff16da4be28cd97c558ed7b0278",
            "messageTitle": "Mark as Done",
            "messageBody": "",
            "tags": [
              "Level-3",
              "A-Classes"
            ],
            "fileTypesAndContributionMap": {
              "java": {
                "insertions": 61,
                "deletions": 11
              }
            }
          }
        ]
      },
      {
        "date": "2020-09-19",
        "commitResults": [
          {
            "hash": "a962fa11497908c05982f4a255ced1a94d174eb8",
            "messageTitle": "ToDos, Events, Deadlines",
            "messageBody": "",
            "tags": [
              "Level-4",
              "A-Inheritance"
            ],
            "fileTypesAndContributionMap": {
              "java": {
                "insertions": 112,
                "deletions": 12
              }
            }
          }
        ]
      },
      {
        "date": "2020-09-20",
        "commitResults": [
          {
            "hash": "c3abdef97396536b144039e7905d0ed24b722770",
            "messageTitle": "Fix duke tasks bugs",
            "messageBody": "",
            "fileTypesAndContributionMap": {
              "java": {
                "insertions": 4,
                "deletions": 4
              }
            }
          },
          {
            "hash": "ed000fb9ec2a4ed250ddec18654c7b7fe0f1ccd0",
            "messageTitle": "Update Text UI Test Cases",
            "messageBody": "",
            "tags": [
              "A-TextUiTesting"
            ],
            "fileTypesAndContributionMap": {
              "txt": {
                "insertions": 10,
                "deletions": 0
              },
              "java": {
                "insertions": 3,
                "deletions": 3
              },
              "bat": {
                "insertions": 2,
                "deletions": 2
              }
            }
          }
        ]
      },
      {
        "date": "2020-09-23",
        "commitResults": [
          {
            "hash": "2a5b7733bb8926ae7ddf25224b2a3896f5f50c47",
            "messageTitle": "Handle Errors",
            "messageBody": "",
            "tags": [
              "Level-5",
              "A-Exceptions"
            ],
            "fileTypesAndContributionMap": {
              "java": {
                "insertions": 79,
                "deletions": 12
              }
            }
          }
        ]
      },
      {
        "date": "2020-10-06",
        "commitResults": [
          {
            "hash": "8d88dec4558714a28c5c488432e4d85f6577fa7e",
            "messageTitle": "Level 6. Delete",
            "messageBody": "",
            "tags": [
              "Level-6",
              "A-Collections"
            ],
            "fileTypesAndContributionMap": {
              "txt": {
                "insertions": 2,
                "deletions": 1
              },
              "java": {
                "insertions": 63,
                "deletions": 15
              }
            }
          }
        ]
      },
      {
        "date": "2020-10-15",
        "commitResults": [
          {
            "hash": "f170f79ce065103cde149a6ba4278ab826e5a26b",
            "messageTitle": "Divide classes into packages",
            "messageBody": "",
            "tags": [
              "A-Packages"
            ],
            "fileTypesAndContributionMap": {
              "java": {
                "insertions": 13,
                "deletions": 0
              },
              "bat": {
                "insertions": 2,
                "deletions": 2
              }
            }
          }
        ]
      },
      {
        "date": "2020-11-02",
        "commitResults": [
          {
            "hash": "b02fac5be9a3e22470fb3dde1473bdf9d1e72dd5",
            "messageTitle": "Add OOP Change",
            "messageBody": "",
            "fileTypesAndContributionMap": {
              "java": {
                "insertions": 688,
                "deletions": 234
              }
            }
          }
        ]
      },
      {
        "date": "2020-11-03",
        "commitResults": [
          {
            "hash": "3bf72bf355dbc0e35d62786e494f3eaeebeef83f",
            "messageTitle": "Level 7. Save",
            "messageBody": "",
            "tags": [
              "Level-7",
              "A-MoreOOP"
            ],
            "fileTypesAndContributionMap": {
              "txt": {
                "insertions": 3,
                "deletions": 0
              },
              "java": {
                "insertions": 286,
                "deletions": 49
              }
            }
          }
        ]
      }
    ]
  },
  "authorFileTypeContributionMap": {
    "lamyongxian": {
      "java": 1051,
      "md": 0,
      "fxml": 0,
      "sh": 0,
      "bat": 2,
      "gradle": 0,
      "txt": 14
    }
  },
  "authorContributionVariance": {
    "lamyongxian": 11888.482
  },
  "authorDisplayNameMap": {
    "lamyongxian": "LAM ..XIAN"
  }
}
