{
  "authorDailyContributionsMap": {
    "kuoshengang": [
      {
        "date": "2020-10-06",
        "commitResults": [
          {
            "hash": "3a27fd020238dc2b318f28b4ab41d9fa3d6a9f16",
            "messageTitle": "no message",
            "messageBody": "",
            "fileTypesAndContributionMap": {
              "java": {
                "insertions": 43,
                "deletions": 0
              }
            }
          },
          {
            "hash": "30674efd7bd899aac4b0eae6ab849dca6010ef6d",
            "messageTitle": "new changes",
            "messageBody": "",
            "fileTypesAndContributionMap": {
              "java": {
                "insertions": 191,
                "deletions": 0
              }
            }
          },
          {
            "hash": "7e31772b12490ca5b60dd6317b0f1785d6ed0181",
            "messageTitle": "new updates",
            "messageBody": "",
            "fileTypesAndContributionMap": {
              "java": {
                "insertions": 2,
                "deletions": 17
              }
            }
          }
        ]
      },
      {
        "date": "2020-10-07",
        "commitResults": [
          {
            "hash": "11c64a5c56e0a4ea63ff1e0e2b43ef45e809a65a",
            "messageTitle": "changes done",
            "messageBody": "",
            "fileTypesAndContributionMap": {
              "java": {
                "insertions": 177,
                "deletions": 93
              },
              "md": {
                "insertions": 7,
                "deletions": 0
              }
            }
          },
          {
            "hash": "af5c342bce8d2658813cf71749c823d905a9cb48",
            "messageTitle": "no message",
            "messageBody": "",
            "fileTypesAndContributionMap": {
              "java": {
                "insertions": 2,
                "deletions": 2
              }
            }
          }
        ]
      },
      {
        "date": "2020-10-08",
        "commitResults": [
          {
            "hash": "0f2d9ca2d350ff964a9ec1e5b5351860620248ca",
            "messageTitle": "modifications added",
            "messageBody": "",
            "fileTypesAndContributionMap": {
              "java": {
                "insertions": 1,
                "deletions": 8
              }
            }
          }
        ]
      },
      {
        "date": "2020-10-11",
        "commitResults": [
          {
            "hash": "3a292a6bd9dd29daeadbdf6caa2a67d90f83b87e",
            "messageTitle": "update Level 4",
            "messageBody": "",
            "fileTypesAndContributionMap": {
              "java": {
                "insertions": 124,
                "deletions": 71
              }
            }
          }
        ]
      },
      {
        "date": "2020-10-12",
        "commitResults": [
          {
            "hash": "a7a060ecf6a3deb0633f842f3bee3bca7c18d7e7",
            "messageTitle": "Level 4 new updates",
            "messageBody": "",
            "fileTypesAndContributionMap": {
              "java": {
                "insertions": 154,
                "deletions": 130
              }
            }
          }
        ]
      },
      {
        "date": "2020-10-13",
        "commitResults": [
          {
            "hash": "afcaee187d5725f710d723cf2f05c2a3ca8aa1a3",
            "messageTitle": "Level 4 new changes to simplified version",
            "messageBody": "",
            "fileTypesAndContributionMap": {
              "java": {
                "insertions": 27,
                "deletions": 18
              }
            }
          },
          {
            "hash": "10069fe96c76474f6143e6cb1c505502e20c287b",
            "messageTitle": "Correction made to Level 4",
            "messageBody": "",
            "fileTypesAndContributionMap": {
              "java": {
                "insertions": 73,
                "deletions": 12
              }
            }
          },
          {
            "hash": "44fccca245e6cb7e037e4753ab7f261a325edd92",
            "messageTitle": "Exception Handling",
            "messageBody": "",
            "fileTypesAndContributionMap": {
              "java": {
                "insertions": 3,
                "deletions": 0
              }
            }
          },
          {
            "hash": "e9f07c2bf3b0b17214e9e7bbd69277fda1f38c4f",
            "messageTitle": "Level 5 commits",
            "messageBody": "",
            "fileTypesAndContributionMap": {
              "java": {
                "insertions": 12,
                "deletions": 12
              }
            }
          }
        ]
      },
      {
        "date": "2020-10-17",
        "commitResults": [
          {
            "hash": "a70f6f0a5137030448af367d4d1fcccf57ed83d0",
            "messageTitle": "Level 5 updates",
            "messageBody": "",
            "fileTypesAndContributionMap": {
              "java": {
                "insertions": 209,
                "deletions": 69
              }
            }
          }
        ]
      },
      {
        "date": "2020-11-03",
        "commitResults": [
          {
            "hash": "efec5d452e8a48502349709c0b5c4875b73e8e85",
            "messageTitle": "Level 5",
            "messageBody": "",
            "fileTypesAndContributionMap": {
              "java": {
                "insertions": 80,
                "deletions": 109
              }
            }
          },
          {
            "hash": "0fb84063d253fb250cab8e828e9c12ad7aa8c1d5",
            "messageTitle": "Level 6",
            "messageBody": "",
            "fileTypesAndContributionMap": {
              "java": {
                "insertions": 109,
                "deletions": 0
              }
            }
          }
        ]
      }
    ]
  },
  "authorFileTypeContributionMap": {
    "kuoshengang": {
      "java": 667,
      "md": 7,
      "fxml": 0,
      "sh": 0,
      "bat": 0,
      "gradle": 0,
      "txt": 0
    }
  },
  "authorContributionVariance": {
    "kuoshengang": 5059.8496
  },
  "authorDisplayNameMap": {
    "kuoshengang": "ANG ..MENT"
  }
}
