{
  "authorDailyContributionsMap": {
    "A0194229X": [
      {
        "date": "2020-09-08",
        "commitResults": [
          {
            "hash": "41a7b2fadf30aba12107da103175f3301d90e84c",
            "messageTitle": "ya",
            "messageBody": "",
            "fileTypesAndContributionMap": {
              "java": {
                "insertions": 1,
                "deletions": 1
              }
            }
          }
        ]
      },
      {
        "date": "2020-09-15",
        "commitResults": [
          {
            "hash": "5b20e3409428991ac65e7a77b82785f2fc0a6af0",
            "messageTitle": "level-1",
            "messageBody": "",
            "fileTypesAndContributionMap": {
              "java": {
                "insertions": 16,
                "deletions": 6
              }
            }
          },
          {
            "hash": "19c35c617cc820207762ad8c86cef456f401b0a6",
            "messageTitle": "level-2",
            "messageBody": "",
            "fileTypesAndContributionMap": {
              "java": {
                "insertions": 11,
                "deletions": 4
              }
            }
          },
          {
            "hash": "643f301a5fbf50fad3f722022286ac30722f4161",
            "messageTitle": "level-3",
            "messageBody": "",
            "fileTypesAndContributionMap": {
              "java": {
                "insertions": 76,
                "deletions": 18
              }
            }
          }
        ]
      },
      {
        "date": "2020-09-19",
        "commitResults": [
          {
            "hash": "96d809b7e03bd56bcd0068974e4c7476f504662d",
            "messageTitle": "level-4",
            "messageBody": "",
            "fileTypesAndContributionMap": {
              "java": {
                "insertions": 71,
                "deletions": 6
              }
            }
          }
        ]
      },
      {
        "date": "2020-10-10",
        "commitResults": [
          {
            "hash": "22dc05cf99ec06fcfa1bfbb4aab0aa8981bdaa43",
            "messageTitle": "level-5",
            "messageBody": "",
            "fileTypesAndContributionMap": {
              "java": {
                "insertions": 168,
                "deletions": 87
              }
            }
          },
          {
            "hash": "634c628005c0ee8e91e42b7a8954a4f7afa627ce",
            "messageTitle": "level-6",
            "messageBody": "",
            "fileTypesAndContributionMap": {
              "java": {
                "insertions": 39,
                "deletions": 16
              }
            }
          }
        ]
      },
      {
        "date": "2020-10-18",
        "commitResults": [
          {
            "hash": "8e703b85fa8adf32537fe8a6e8a6ffbd095a4034",
            "messageTitle": "level-7",
            "messageBody": "",
            "fileTypesAndContributionMap": {
              "txt": {
                "insertions": 2,
                "deletions": 0
              },
              "java": {
                "insertions": 141,
                "deletions": 77
              }
            }
          }
        ]
      },
      {
        "date": "2020-10-31",
        "commitResults": [
          {
            "hash": "d833eaa66b25134454f0d01f257c4f366c715e79",
            "messageTitle": "level-8",
            "messageBody": "",
            "fileTypesAndContributionMap": {
              "txt": {
                "insertions": 3,
                "deletions": 2
              },
              "java": {
                "insertions": 80,
                "deletions": 23
              }
            }
          }
        ]
      }
    ]
  },
  "authorFileTypeContributionMap": {
    "A0194229X": {
      "java": 372,
      "md": 0,
      "fxml": 0,
      "sh": 0,
      "bat": 0,
      "gradle": 0,
      "txt": 3
    }
  },
  "authorContributionVariance": {
    "A0194229X": 2153.865
  },
  "authorDisplayNameMap": {
    "A0194229X": "WANG..UWEI"
  }
}
