{
  "authorDailyContributionsMap": {
    "A0194229X": [
      {
        "date": "2020-09-08",
        "commitResults": [
          {
            "hash": "41a7b2fadf30aba12107da103175f3301d90e84c",
            "messageTitle": "ya",
            "messageBody": "",
            "fileTypesAndContributionMap": {
              "java": {
                "insertions": 1,
                "deletions": 1
              }
            }
          }
        ]
      },
      {
        "date": "2020-09-15",
        "commitResults": [
          {
            "hash": "5b20e3409428991ac65e7a77b82785f2fc0a6af0",
            "messageTitle": "level-1",
            "messageBody": "",
            "fileTypesAndContributionMap": {
              "java": {
                "insertions": 16,
                "deletions": 6
              }
            }
          },
          {
            "hash": "19c35c617cc820207762ad8c86cef456f401b0a6",
            "messageTitle": "level-2",
            "messageBody": "",
            "fileTypesAndContributionMap": {
              "java": {
                "insertions": 11,
                "deletions": 4
              }
            }
          },
          {
            "hash": "643f301a5fbf50fad3f722022286ac30722f4161",
            "messageTitle": "level-3",
            "messageBody": "",
            "fileTypesAndContributionMap": {
              "java": {
                "insertions": 76,
                "deletions": 18
              }
            }
          }
        ]
      },
      {
        "date": "2020-09-19",
        "commitResults": [
          {
            "hash": "96d809b7e03bd56bcd0068974e4c7476f504662d",
            "messageTitle": "level-4",
            "messageBody": "",
            "fileTypesAndContributionMap": {
              "java": {
                "insertions": 71,
                "deletions": 6
              }
            }
          }
        ]
      },
      {
        "date": "2020-10-10",
        "commitResults": [
          {
            "hash": "22dc05cf99ec06fcfa1bfbb4aab0aa8981bdaa43",
            "messageTitle": "level-5",
            "messageBody": "",
            "fileTypesAndContributionMap": {
              "java": {
                "insertions": 168,
                "deletions": 87
              }
            }
          },
          {
            "hash": "634c628005c0ee8e91e42b7a8954a4f7afa627ce",
            "messageTitle": "level-6",
            "messageBody": "",
            "fileTypesAndContributionMap": {
              "java": {
                "insertions": 39,
                "deletions": 16
              }
            }
          }
        ]
      },
      {
        "date": "2020-10-18",
        "commitResults": [
          {
            "hash": "8e703b85fa8adf32537fe8a6e8a6ffbd095a4034",
            "messageTitle": "level-7",
            "messageBody": "",
            "fileTypesAndContributionMap": {
              "txt": {
                "insertions": 2,
                "deletions": 0
              },
              "java": {
                "insertions": 141,
                "deletions": 77
              }
            }
          }
        ]
      },
      {
        "date": "2020-10-31",
        "commitResults": [
          {
            "hash": "d833eaa66b25134454f0d01f257c4f366c715e79",
            "messageTitle": "level-8",
            "messageBody": "",
            "fileTypesAndContributionMap": {
              "txt": {
                "insertions": 3,
                "deletions": 2
              },
              "java": {
                "insertions": 80,
                "deletions": 23
              }
            }
          }
        ]
      },
      {
        "date": "2020-11-01",
        "commitResults": [
          {
            "hash": "46bb2f2fe2bd5bcd4a2d92a2f2459c4535cc19f8",
            "messageTitle": "level-9",
            "messageBody": "",
            "fileTypesAndContributionMap": {
              "java": {
                "insertions": 27,
                "deletions": 1
              }
            }
          }
        ]
      },
      {
        "date": "2020-11-04",
        "commitResults": [
          {
            "hash": "09d3139b782033e24afe3ef22db10dbeb0083c94",
            "messageTitle": "A-MoreOOP",
            "messageBody": "",
            "fileTypesAndContributionMap": {
              "java": {
                "insertions": 258,
                "deletions": 233
              }
            }
          },
          {
            "hash": "4a6fe56b95703725329efd6688349d9ee3f2e395",
            "messageTitle": "A-Packages",
            "messageBody": "",
            "fileTypesAndContributionMap": {
              "java": {
                "insertions": 0,
                "deletions": 62
              }
            }
          }
        ]
      },
      {
        "date": "2020-11-05",
        "commitResults": [
          {
            "hash": "ac1abacb7343771da1d393ab9219d2f8779c0c81",
            "messageTitle": "A-JavaDoc",
            "messageBody": "",
            "fileTypesAndContributionMap": {
              "txt": {
                "insertions": 2,
                "deletions": 2
              },
              "java": {
                "insertions": 163,
                "deletions": 76
              }
            }
          }
        ]
      },
      {
        "date": "2020-11-07",
        "commitResults": [
          {
            "hash": "c6ec912f44d24832ff30793c7086c7a0aaef3216",
            "messageTitle": "GUI",
            "messageBody": "",
            "fileTypesAndContributionMap": {
              "java": {
                "insertions": 293,
                "deletions": 64
              }
            }
          },
          {
            "hash": "2b9547c3ed4e26fa3268f303274b13c179b6ada1",
            "messageTitle": "A-JUnit",
            "messageBody": "",
            "fileTypesAndContributionMap": {
              "java": {
                "insertions": 16,
                "deletions": 19
              }
            }
          }
        ]
      },
      {
        "date": "2020-11-08",
        "commitResults": [
          {
            "hash": "b9e7d9b748dc5ab9a842a01c1b9a76aa220bcf67",
            "messageTitle": "B-DetectAnomalies",
            "messageBody": "",
            "fileTypesAndContributionMap": {
              "txt": {
                "insertions": 4,
                "deletions": 3
              },
              "java": {
                "insertions": 91,
                "deletions": 56
              }
            }
          },
          {
            "hash": "b3214a6375eda9b8b710e392c2d2e53d495dc4be",
            "messageTitle": "A-CodingStandard",
            "messageBody": "",
            "fileTypesAndContributionMap": {
              "java": {
                "insertions": 315,
                "deletions": 318
              }
            }
          },
          {
            "hash": "5bc2c87c1bd8a6898fabc10f3682c58480b6b419",
            "messageTitle": "C-MassOps (delete)",
            "messageBody": "",
            "fileTypesAndContributionMap": {
              "java": {
                "insertions": 58,
                "deletions": 36
              }
            }
          },
          {
            "hash": "00ed4c68cc7b21d73973ac687632ffa2b940c1b3",
            "messageTitle": "A-Assertions",
            "messageBody": "",
            "tags": [
              "v0.1"
            ],
            "fileTypesAndContributionMap": {
              "java": {
                "insertions": 25,
                "deletions": 18
              }
            }
          }
        ]
      }
    ]
  },
  "authorFileTypeContributionMap": {
    "A0194229X": {
      "java": 738,
      "md": 0,
      "fxml": 0,
      "sh": 0,
      "bat": 0,
      "gradle": 0,
      "txt": 4
    }
  },
  "authorContributionVariance": {
    "A0194229X": 16663.42
  },
  "authorDisplayNameMap": {
    "A0194229X": "WANG..UWEI"
  }
}
